job_name,job_salary,job_link
运维（14薪 全额社保 大厂）,8-13K·14薪,/job_detail/419da3a603395bee1Hdz0tW4FVNZ.html?lid=7JOXx38AtZ7.search.1&securityId=ns_HHTkjYp81D-31mbYIKQJ7rYl9VUeRmyBlgufEDuWtQYzuu284W-4isoR6WyuD97P85ZHaC19LpOX-v8Hnd8pNzFUa7tJanJhPyMUfpx32IKn-1fGq&sessionId=
系统运维工程师,8-12K,/job_detail/d7b7ba5fb2a08f7303V-0t66FVZS.html?lid=7JOXx38AtZ7.search.2&securityId=k1jNPTDg4jBpx-A17bgt0rZ0LPPbHHR2UJAMGblo0YeOi7sSYuusSqx6y9WPtyZZs1GTse7CHhl6kVObFmluqXFqWUa3xekGBefdukhoLPceqY-6RL_P1hnb1kR1kS2kKsYzRTFcOdaBaRQOArNL_WQ~&sessionId=
运维工程师,7-10K,/job_detail/7014541d9497130303V829q1FlpY.html?lid=7JOXx38AtZ7.search.3&securityId=-Tl1tteouNmWr-W1yVMjsxbnIvjqXDlmMiwO98AG9LCTaAM5YfMlIwday128NYvHBSPaZYma7du6ggPJ1N4rlz4sAtoVGPj87Ba8ZCgG7hrLVFMMe_Qbo0MxjdH_nZjKL8A4q9MvDX1L7YVMUD2VQw~~&sessionId=
技术运维工程师,200-250元/天,/job_detail/ab8dacf794a8fc1c1HF40927E1ZV.html?lid=7JOXx38AtZ7.search.4&securityId=9PfPYF_MXyZv8-v1LpThI-WQDdX3VEn3d6XaKaP7Kr0O6oV8F2pspa2cL2_0kcp4s0Q3-MXulN5PtBmqbzRYiX7C-F44ZfQ6jJYmboS544O4uZRiHEGTluizwSKRM8L-b1WBcf2sVupgZgdXHl1ncg~~&sessionId=
系统运维工程师,6-10K,/job_detail/96ae888adaf836e903V_2ty6E1NS.html?lid=7JOXx38AtZ7.search.5&securityId=oW1zlhRQeYnNM-t1c9a-5P9zn0gEaJ16WlKE03uPqWmvU5yo2lqWD59ryb8SxbYbmyQrni9_37MgSTdopPZmf1z4dLPX2sr9oMGgBrIdkmmyxWk0bLac6dJOw_ERAYXzjTDIuaSWAnXHta5O4VPwrqeG&sessionId=
Linux运维工程师,6-10K,/job_detail/b204db678b2b24711nJz2Ny5GFBY.html?lid=7JOXx38AtZ7.search.6&securityId=qz3Lqq6T9lCXA-p1UpYgpgEI7bN64segpn0r12Unf5WxApT1uzjdF279mOBlsgXc074N5qiUnw7v5tYJOE18VYH_OttJIyYhG17Ql2nVPV3bWwwISKE~&sessionId=
运维工程师,10-15K,/job_detail/1746ca27f53c851103V40tq1EVJY.html?lid=7JOXx38AtZ7.search.7&securityId=f1AYF6SUcunpe-h1Ks93RjZngot7XAikz5qxmKGcMqqxXQdOUeiJRDU6AyFjHoFnWkd5GFuBFp61v6Zyk5Log-6Ut8ZTyFR1MNJ-IxipRnn0kXwDIq5qPfrOgEul_5UHaMIhqf9hMyAmmR3Fu1-l&sessionId=
Linux工程师,6-8K,/job_detail/5df5cfaf3b7202dd1n1-09i-ElRZ.html?lid=7JOXx38AtZ7.search.8&securityId=aAgPy7Zi6UnzF-C1SWOQbG0oxHxUiEcRiBavePEe31_MGkaZOXsvQYp6c-q_w0azOCgIFB_TpyPDW-7e5MCdXPJOpOXCCqDaOLqxHlnRgbzI2Zt2HUPz4JWzOWaKc4HmC3s-_1_zpJNgjOimdJZNMw~~&sessionId=
运维工程师,5-6K,/job_detail/b47208779e49997603V839W8EFVT.html?lid=7JOXx38AtZ7.search.9&securityId=vEga4JMWSN4aa-h1VFPZ7r8HgrVjKxRnIF9stdGbvDQjELoYpl2b98XtJ5PTrePrAq8XAIxFcFHO7UK6sGYRbCa2wiCFN1gs8fFuCdfZ2-DMI9g54U5VtNm4pCDhzbIDHYHlCp0iyLX_uBvJG05tc8I~&sessionId=
运维工程师,4-5K,/job_detail/654f56d8bdf71f3f03Vy2di1FlFX.html?lid=7JOXx38AtZ7.search.10&securityId=akSFTVpAGTWrl-S1P_Te3KC2bw0AvJensSYdtiQrqDzFrWEFKNXoNyRswxhLWXBYM7Qrnu-NwfRPPEudu4wBM36dbKaK5jDAODHtXmDYwc4nQMc7ckiJ31FmoURDyjusxWLdDR3KXXxDH3koBvloYAfG&sessionId=
云计算工程师-海口,6-10K,/job_detail/78173f7bfe1ae09b1XB62ty7FVVW.html?lid=7JOXx38AtZ7.search.11&securityId=-t7FltJGNj_pQ-O1lpAj2ZXhDDqlNmW_EaAGJb1FMV_gjUwmCAr6HID9t1Ml5GoSREN9163lfU7fdR5kQZaIgwBU73UuqMJfwqV33Nh8dyvxC4ddiA~~&sessionId=
运维,5-6K,/job_detail/c17b501e0d95917b03R90927GFJZ.html?lid=7JOXx38AtZ7.search.12&securityId=_lCoVgXSumII_-214wYa7WJkzf6ykoQrYt0PCRcJg5mRQGouTFv3XiAmYp-Mm4bnVxbBqCAYl4bqTP878DBEcLkmDdjUzTkLASo9DDdqIuBl9CuhFaBDfaGrLhAt0nAtgDjfUT7eScocMJ-k5cNWcHc~&sessionId=
运维工程师（售后驻场）,6-9K·13薪,/job_detail/ee7091db91a8fa6703Vy2Nq8GFRZ.html?lid=7JOXx38AtZ7.search.13&securityId=Y6kPoFOcHERLc-W1t44eAE2BozPDDCtc-XQNoemIPKkxv-3SnVxqoafKoeg6NPqsbukSDOK_NHWsKztIfyPggjFxBexui-xFm5OJkPSTLjZ_9txlvsalgfyUCGbcW0V1lxUGiJROIDR1bA5Q7aQlbyA~&sessionId=
网络安全工程师（海南/电网）,6-10K,/job_detail/cd12aaaac783057203V809i1FlRT.html?lid=7JOXx38AtZ7.search.14&securityId=rvg8wBSlr0D9y-v1MYzuXPBYeykP2SqoQGcAwJ2-nFjKJeW9wsVL2vYNYhGtpBfy-QOk6jLRr9ADzBFTXaqUPqjge0nP2sjj7J7W_ONtqJh_6xG7nwnZgQb9c8OunXyMyuVeDSOfuWtZLNpXskqXAg~~&sessionId=
运维工程师（海口）,4-5K,/job_detail/7dd218fd50711c0603V70tS_EVdU.html?lid=7JOXx38AtZ7.search.15&securityId=_YhG-yXxyh3yY-m1389XjDLGHLMyRGPdcDgeuKmSIF6DpEh-LdDWUuuxklmrtIN-7zlnGVClFG2ls58x77NuR94yJI_OwbqrgBVkoXrHMQyT_nY~&sessionId=
网络运维专员,6-10K,/job_detail/0c871dffe090b41103Rz3NW7FltR.html?lid=7JOXx38AtZ7.search.16&securityId=3vvZNKgvB5k1a-Q1n8JtUJmQZ-eKMDlUSV4Jq6CjOF-lsddZXuhgCXdi66ffUgOK5apJDundzJsRmkJB3tR64bCKildWCIBNmWD9GJbVt9JDETA6hrwGtiBSLKA5mWITsYLCOqiuixqFicXGZz0IQX9t&sessionId=
风电 光伏 锂电 储能运维工程师,20-25K,/job_detail/f131bab4738b1e6803V82Nm-FlZX.html?lid=7JOXx38AtZ7.search.17&securityId=8e7UMo9oMM9UZ-G1i6rCvDXwUnNEoMuPVY9MW81aiObYEl6QH4gWNQwTQMDzfMZkQlDI94D6vnYB00G3o6XD2Ws6r-V0pcRXAVF4MghlYVoR5sufQ-VZNSEhVm86veQwtwNVSm5gRkCit4qfFCDOoUc~&sessionId=
系统运维工程师（双休+驻点）,6-7K,/job_detail/fc5a7835561be34d03R53dW4ElpT.html?lid=7JOXx38AtZ7.search.18&securityId=DL7CTEV98dOmG-r1i-cE5o-fRLA0POwYhWQw8p5AX3Fo8t7NAKQKLhrE1RS4DAQ4OQVSXuuYvcNvxg573I7TULCLEVT23HrydS0amF-FjsG75IF6CtbdxLAOZHgNRH4o4w0kaq9s8eGFF5N-qb6Y2A~~&sessionId=
云平台运维工程师,9-14K,/job_detail/6ffc5b9d39e94d0b1XN82968FFBT.html?lid=7JOXx38AtZ7.search.19&securityId=hPtmgNcDwT2P3-q1WJuVBX_T1e2VzV6rMM166eafXWtucfG8vQmOe_677GVabm4CKAx7T3rYuXkHud_Q1Rv1HgfN9G3FEu6Yqh334rnJaHlq-BWV-w~~&sessionId=
运维工程师,5-6K·15薪,/job_detail/5ddfa4a9223870fb1nxz2tW5EltW.html?lid=7JOXx38AtZ7.search.20&securityId=DBpMZrFXRWWqh-b143ZvEJ4ZYBYgxz228ABOrh4VeZwCFpFGaKzL2u9xFsXYd2oJSMjVjJvRwHGp6jFC9-MRH8lSGZi8-MpN99XS5JiEgm9mpX5cQB8~&sessionId=
硬件运维工程师,6-10K,/job_detail/bf6ddd5055655aab03V82ty5E1VW.html?lid=7JOXx38AtZ7.search.21&securityId=FLcbUCw8NC44k-21IFdarV39Jualm4dBXFGsb1fgdq31n1dNoFfPKqta6vuvps4beaCAI8_Skz5XH3LMHeb_CGFC96BzZGiUDTunTkq9zWU_VRuo&sessionId=
运维工程师,6-9K,/job_detail/623c2f5fc180edc81H1z3ti6FVNY.html?lid=7JOXx38AtZ7.search.22&securityId=TWzeEjaCWy7Zz-h1HRurGvxxfB-GtrntREiand3zx_tRGuTX6PEGnK-ER79I4mIvKvA7BZUyTHbgM8Fn2AZph0NJRo37eijAGLocuwnGYn8TF-l9LXjk1_EuJWVg5IRdkuwr_eqbALtqH90kaq7i&sessionId=
运维工程师,5-8K,/job_detail/2a7f02e5eaaf3af01XJ_2N6_E1ZR.html?lid=7JOXx38AtZ7.search.23&securityId=1oo7iI4L1MK3L-e1WJVjBtg8_SR8byw0XUWXBXIWTbrEtlUQlBFPP_l-gI1qDXfmZ0j_PehuJ0c2esB1S68njbGGbHjYssgAKB1QpOrSZGuw9d_6a-KeRrS2EPsmPH03gK9nrVYq6oI-qzqN62mUw1uZ&sessionId=
运维工程师,6-8K·13薪,/job_detail/9e4b8215d3a985d91HN83t26FVtW.html?lid=7JOXx38AtZ7.search.24&securityId=mCb46rzeEQHDz-q1xx-ic_rYAkfvq0K2RI9Z1qlkId2XpubtyNuT-9WZly2B7tuYU9qEnALYnF1vYdMklB44L1YBLBWOYSRgowPoIW5Pc6iqP0cDRJeS&sessionId=
安全运营工程师,8-10K,/job_detail/f28d1e7344d4520c1Hxz2tW0E1pT.html?lid=7JOXx38AtZ7.search.25&securityId=WDPzJeO2n2vb3-R1BQZw8_U1akgT6mvGtJAJoEvORqHRY0xjz0KNo07agxsJMxdXF5iPJv5r5VrQw9b7fxliWta_Z984fET1lAJ_28Mk_o2QpKHzw3pLJ1M-00HUwBNoXYEb6f5odmbhTJMm2mNUVHwq&sessionId=
运维工程师（海口）,7-10K,/job_detail/d15aec7314a128b21HZ_2tq8EFNR.html?lid=7JOXx38AtZ7.search.26&securityId=bEcBh8aKyJByu-q1hWdGmtGmObamDqqadMJumM9cHOgqjnYs6xl0aXce9GHVCT1f8VGlDwFycwGviq7mJt_7bG82fkxOKcDK1TOAvoCQXEZjD6iov_hBe5iih8m0gbsUU1BF5jGyYni0FAdY2_U3Lg~~&sessionId=
运维工程师,6-7K,/job_detail/3c4479dc01041c8c03R82Ny5F1JX.html?lid=7JOXx38AtZ7.search.27&securityId=F5q8pC5QKDCzF-816tORQmowBgWpDGMRFPTu_80Zco950jxqYSah9Yy-7k4uPXLGQSCDBJ3ef4G5oolcdX2uGKHVrqCp_C9CPMj28XSGv4qsIVCJ6RJkhIM8kI4XVQXJYbEc1ot9TFi4eaJncS3waXyF&sessionId=
运维工程师（软件开发）,4-6K,/job_detail/424b5a08b29eeaab1HR82NS6ElNY.html?lid=7JOXx38AtZ7.search.28&securityId=KRCSE0lcHtkNf-71ZkMO-BFKWIk0N8n_Ki9KwrLxHoQf86nrQ1Rp-5-xCO1e6BuGXS9xD9P61J3PWdEoPfrQV_TwQr8Re4I0mzNRUgvRK911gySCpJE~&sessionId=
驻场运维工程师（2名）,4-8K,/job_detail/f2638b32ebacba9b1X182dW9ElBY.html?lid=7JOXx38AtZ7.search.29&securityId=cEH6d1DKhhqNb-i1nMH-Joil5cvovTu39UyynkOrU0-te8GpwlZB38-GLDhr_FARhsbEqJY0939RJUUGa8p4YjB7Ha2Q3IknAIa7HrInNA8YXLweiuo~&sessionId=
运维工程师,4-8K,/job_detail/6b453e3b08022da11Xx_2dq0FltY.html?lid=7JOXx38AtZ7.search.30&securityId=MClGsIbj8yPWj-r1NWJg7n7lwX-feCD_3qqLHRCEpL76k64IiBeV_2cXROhUaRnSAHITJctmKR4F-EtpmgfokaYh2HDyDMhIjCGNvTwudjvFjPJYyrck&sessionId=
Linux云计算,10-15K·14薪,/job_detail/b46b0ad070a3949d1HJ_0ti9E1RR.html?lid=7JOXx38AtZ7.search.31&securityId=War6ajNdundb1-A1lPBJs8Cj5iB-ll5rzg-GHVt1DkqZFJ7TF6L7i_vQN32gzOr4cgAOPS6AKzHGYf6_GJjJJhJUOrPgk5h1mZ_UKwwGvY_F-sAYjomx&sessionId=
系统运维工程师,10-15K·13薪,/job_detail/1e7df09fac67c9ab1XVz29u5E1RX.html?lid=7JOXx38AtZ7.search.32&securityId=SANUCTH1iKsQX-R1PWGSiNPbQ68hnvFKEVuIPK3rox_hO6VmE5i_IyaYgayskmBIMgBxt3W0F-sLrHeX-OPqwktuvKrvFRM-UWLZYD-LwwXOToVDGSLS&sessionId=
大数据开发工程师,6-10K,/job_detail/c3c7b8eeb1581d611Xdz3Nu4E1dU.html?lid=7JOXx38AtZ7.search.33&securityId=T1RMdBalNwCH0-V1fNfqzWgKrsjpABduwuIu9f-7J4wk41H2wmosFWGpEdrfFgMIGHHqjb6f2vD-7B99ati60E3ZhSJLkaayIQQOtnHUiDoq33Phq68~&sessionId=
运维工程师,4-6K·13薪,/job_detail/af84fa15002e16281HZ-09-5FlJS.html?lid=7JOXx38AtZ7.search.34&securityId=KCWVaoyU4v_th-B1XfAmkFHFTMukQepy3DRe7SbnBsjpuqvuM3ZAJUplOEMthqHXUO4ilcAq_LnxZdzFuMX14nMPgZuWupUllPlkGA4fZzdazi-BjTTi&sessionId=
数据运维工程师,4-6K,/job_detail/f0eddaf1a797d2051HZz29m-GFRU.html?lid=7JOXx38AtZ7.search.35&securityId=529w5OQHTY_p0-O1HrPZ-2MThev6wdNm05V_6EvkEsMVjAhM-6rnJgHCaSh39evh-owdVBU7D2Sz0lvALYxwHEl51T0BwEaseX5kdovw3ZGhBkFvj75m&sessionId=
系统运维管理员,6-11K,/job_detail/424ea1da93741e361XZ909m6E1pX.html?lid=7JOXx38AtZ7.search.36&securityId=Ji2u8wszWSw3N-n1jpO6rCCjBPGj_i1U00ozKRawSEttwfDjqs-HAHAVnWtZKhzrE-d_FYpxyBjycI1NrMBlEpT82FJlTxAH5dK4efQlxhencWDde2w~&sessionId=
驻点运维工程师,6-9K,/job_detail/629460d748b1e5391H183di-F1FZ.html?lid=7JOXx38AtZ7.search.37&securityId=VHxKEhN4TYOXU-d1l5cefxAx1-zIcVDI9PokmYpqqt822o6YXBi4gG4qeDOyLCALSPR0LutsRFNNk-4PQhytD5c8X9AYg17j_IIn-0Ckpzw64efGPA~~&sessionId=
中级网络工程师,8-11K,/job_detail/2e29da54e7df0eff1Hd629y5EFNZ.html?lid=7JOXx38AtZ7.search.38&securityId=SBGDmmFTZbbee-41HI5RV7yGUfzzCt9_RstUGANvbHuGaOkJJMlezLhfzX2MwbADsl7gezBxGGp2MuKK4t21MxUlURV4QXAhbVwEpqM_mI48dKanT6QuZgVG6fxec4YezcmarNYlfOaSf_qVU1tQjQ~~&sessionId=
运维工程师,5-7K,/job_detail/1732dc021b7239781HFy2NS1FlFR.html?lid=7JOXx38AtZ7.search.39&securityId=sp95XiCdZ8hkq-e1eBv0u2skvfC2Yw5xiwvdPE50XaNzkThP4A2knYIJDPkCpNciGvg1Z8zxx4DRALk0Nf5Y6QXt44R2HTQ4iPl7i6Q0_Mty_KDT1pw~&sessionId=
IT计算机运维工程师,4-6K,/job_detail/504f35926bca4b341nV_3Nq8FVZX.html?lid=7JOXx38AtZ7.search.40&securityId=loBwSjqKkXiP1-o1oTzZ7eF8Q6B7Xu2RSsp6zfokoKcS2WwZ4the5DjFEICmCAzm7HJjvti6iZJJ3resq7hYm3dAt4kA9Cb5hFKrHMdAOM4q-nDJA89R&sessionId=
运维工程师（配电）,5-7K·13薪,/job_detail/6b7b044cf4fde14f1XFz3d-9GFRS.html?lid=7JOXx38AtZ7.search.41&securityId=WcgcwbLv3x9Bn-71fAqZeUnUPY7r59pgM9bdFYRb8dMkm22nXCippsqMScnojqdgED6IrevXGA827uXLxPvF8xlNTuJoWzMoqh_ThncP0fquykdKPVIj&sessionId=
初级Java开发工程师,4-8K,/job_detail/cac8c1e5f5d1aa311HF50tW_F1s~.html?lid=7JOXx38AtZ7.search.42&securityId=ZhYWwk1H6eobH-R1DD8gc-iWk2xf7AhnEuCjkzxcD5rT2mjTgRfEJ5rHA6E7kN34LhI226kFG7C6kzvuCvyLjP6GwgJS6o8JoU5xaj5BvubeYB6q&sessionId=
软件测试（熟悉小红书、tiktok或者抖音）,6-10K,/job_detail/6f13af9ddb03858b03V_29W-EVVR.html?lid=7JOXx38AtZ7.search.43&securityId=2kI0JwQhl7dWG-j1p_kbJNjF3n9zD2K-KWcdXGiqJaT0YnZrJP8gjI62j_zNVcfow4R2GCiwfAgJEhbmn7ts0EV3jIgeXofErE9VevpglkN-JFsc1kQEH-9_T6GAmHeDeTyp6JsADuLMOwrWPGBs7Js~&sessionId=
运维工程师（海南驻点）,4-5K,/job_detail/3831be3c56a5da021HJ_3d-8F1VR.html?lid=7JOXx38AtZ7.search.44&securityId=tji4jwLrvcgmb-m1g5ICwOgVMevrEm2w0ZtdLMDkjeWaIxQZJZdk_-JeBNfAMxozk1fKzvCZU-0kUHhXGD7xjdkYH2zr8fBcprS1oshDAjng5poR&sessionId=
数据库初级工程师,3-4K·13薪,/job_detail/17486b77153406671XZ83dy_FFtY.html?lid=7JOXx38AtZ7.search.45&securityId=ZlB0hyIjJAy7y-m1rRZnl_AM0km62CNZWSIYCRIDwOaRkGgh1VVGENBF7e9xZpuiAwKz4UCIBsXorFsyfSKX6oiCP3hpzel8tjOlgwbyvN4fbQLOiw~~&sessionId=
IT运维工程师,4-7K·13薪,/job_detail/b30f1aa414cb9d071XVz3ti1EldV.html?lid=7JOXx38AtZ7.search.46&securityId=pH5tA7wXvl9yy-K1Rkb-gJVN3JyRvdPbU84pxQCY_s5iBRM2zANS-I99S9Ucm6ADCvXEOl3GFU_xXvcRmQMw-W8hrTqutLi9ZFAF8VGG-lZt7NQaquY~&sessionId=
运维巡检员,4-6K,/job_detail/52be0509ce1a01b203V939q_E1JW.html?lid=7JOXx38AtZ7.search.47&securityId=mhx3rchRxYQZ3-11ntHnENHP9l8qkEgYGHdEJZJdtWxbHOuX7Bb7BDl2LzOdOZbTTbMu3-z5oDxoxNVNQKKA1ReJkxwp9WZQahraGHpa1ekXquZPq3hcsxOpsmDZh1fdsZp2tappDzBrgQaMHKLFvI0~&sessionId=
海南数据安全运营驻场工程师,7-9K,/job_detail/16671ad9093252ca03V93tS0EFZT.html?lid=7JOXx38AtZ7.search.48&securityId=DiDuoBBL0FjB_-G1RiSNCu2Msu8MyJblfsACnLkKyZV8Jw97H65mKlxGTi-V0_tZEynEfHpneEavoe24l78gGWG-bzoecRWv33s-JnYCBx8YD6HeO14~&sessionId=
储能调试运维工程师,6-10K,/job_detail/aca393b143362cff03V72dq1FFZZ.html?lid=7JOXx38AtZ7.search.49&securityId=lYK53op8gQIqn-x1DzkW1Scxb4jsyaXjw6qLi6i1DI1bTYwI3_eCoaDh2OzaDtIXYakMxu75erNQNrZbu6rxL7Tok7ouHlGJ1rXDMw4Rb8FDCfkO7dRaGTLx03CZFeRN0owtWorMXATDYGKwDbtIINg~&sessionId=
测试工程师,13-15K,/job_detail/6189f84a521486131Hx829-5FFJX.html?lid=7JOXx38AtZ7.search.50&securityId=ezTdM6IU_VC5_-h1LgeYn6G5hxmf0MbAJ-QCSvcSCcjWWlAj5hWFfuCwzD8qyqjRvz1bxypu4Cw_GxtA98opDhAwnek79piyYAOIXrYEaJcII6SU&sessionId=
运维工程师,90-150元/天,/job_detail/3947696165ab9f2e03V-0t29GFFW.html?lid=7JOXx38AtZ7.search.51&securityId=Py55qH-YO4Ssb-t1YTygeg0EXT8JkdyTDwOl1r6QrL6k-DjXPz_6bBsTATRH4N15qRyCIgXSNrBzfCiSdwfExegAZZjK43948Y_nTv0rmUGpAGVHR7EqxwB9DBF8TAbsbR-qu-X_IGBSAGM4ZXRMqSZT&sessionId=
网络运维（见习岗）,2-3K,/job_detail/3d7f39c42fe4641b1HN73Ni-EVtZ.html?lid=7JOXx38AtZ7.search.52&securityId=_MkY6oO7RVHur-v1ozxZrtk-Zm-oyRjl0U8f7gY5_xvIGG9F0EYkJeNfY9e8O5-eB9soLFyk2HVSFrIzYBB_V1gUyy_SC1JEzb1JcVvSGymGNGpr7ys~&sessionId=
运维工程师,4-6K,/job_detail/fda2ff1eae8955f01XBy09y4FVpR.html?lid=7JOXx38AtZ7.search.53&securityId=FoBNPk9TM3xgA-W1byFfWKX0aaW6uWzVQMj-Dc4ZrCGowKnPnoZXl0nLv2v0HZDh7Ltx1AjFFYwmmOyZYwQh1p49ovgJXDXFcw28PSrmE6g9toc~&sessionId=
测试工程师,8-10K,/job_detail/7a57a04bfbe51c2803V70tq9EltZ.html?lid=7JOXx38AtZ7.search.54&securityId=KUNunSh8jZalD-V1G_0meuWY1o0QF44R-M1Xp_U8ofQD9Hg95-FJpOhc5EhJrmHfRBOkxipeP1nvV03601kj31FkXrqA7BHqT0x6UTg8Z72rzLJ2Mu_aV1ARyOzYjkChwVcBm4UW-I3l10QLBgIX&sessionId=
c++开发,7-10K,/job_detail/92a02b8085e6dfca1HB62di4ElpQ.html?lid=7JOXx38AtZ7.search.55&securityId=KE0UmD9OhvQbM-O1YqtrVSsmYa5s4awcIr92iw0MXxh_wFLp48JQL5M_eI92Ft2DdHX4OGttLY8aq0YxhonPtmTFPHjWikc3bBrs6uH21nd94CD2JnePKi4_PyROe8shtM9o1xrXelLkWFn6s11X&sessionId=
硬件运维工程师,4-6K,/job_detail/297adfe4e2ec19d71Hx809W4FFFW.html?lid=7JOXx38AtZ7.search.56&securityId=BvIB2HGLDtBFp--1zF70a_AihndUEz_KafdIeo_ZmsYwHTnCX3O6nnAldcc0_bVqKVeupNS6v_05xzE_ZCNnXGp1noMVi3jHXwqjRHgd0J8ZDUlw-78b&sessionId=
H3C云计算工程师-海南儋州驻点,8-9K,/job_detail/86bd5f28d058310f03Vy2N-0EVJQ.html?lid=7JOXx38AtZ7.search.57&securityId=KOlQRSh0Ws6cK-61mCZHCQ9D45eOOgpbDcSudgVcjqIMtZuAsnbdVtZkeoWFxn7VNa1tbSQTeKTX_X-NPGephYw_-0q42KeuEU5cunAOGmvhiHcx8oxB&sessionId=
充电桩运维工程师,4-9K,/job_detail/de39b33ac9d7ffca1HJz39S_EVZW.html?lid=7JOXx38AtZ7.search.58&securityId=1yaaCAahoRnnJ-A1BsbJ6EoC7GfTsqzbVBguMM_8AxUrWc4CxlKyuZgbHgfXNropOk0L9o02wV7RAmfsqHsL73GrLKQkAxjFXNLA4gOfmnBIDzyY_A5H&sessionId=
运维工程师助理,8-13K·13薪,/job_detail/3ec4961adb24cc581XV709W4GFVS.html?lid=7JOXx38AtZ7.search.59&securityId=WsMXaEEsubUMv-u1x_wOMuFjK5P6z2FZev08NUH2C_sTaUzEuKPodU-IxY7iAI8Ox0JPc8bbEntUl6__oqBXYlfAwn30dxZvAh9WvYH3-EJRhMQucvCL&sessionId=
运维工程师(J10213),5-7K·14薪,/job_detail/272b1a5c499bc75e1HB70ti0ElJT.html?lid=7JOXx38AtZ7.search.60&securityId=nKlDP5P0jb6pq-_1nPmUbonZPzktgKbT3nKe1AdfSuX8MY25raXVOIIllK__j2u2tuQa1l5lfGPVn3-JW1Cd14a8onnZQ8iHhsSkr0CoZnSNwnY~&sessionId=
初级运维工程师,5-6K,/job_detail/62788f646e16491d1XJ62NS6GVpY.html?lid=7JOXx38AtZ7.search.61&securityId=I8sPlIcphBNk--Q1jQGDkWPEUfpBo-6uFmqZymOKocyWDpU9y2TmqmlVtobUyWRejNHDyfIuXOSmz4bU7khg2mkQpjQKtvOAoifG8WyThw5OPJPFKCvA&sessionId=
运维工程师,3-8K,/job_detail/ab4b1db324f791e003R93d-9ElpV.html?lid=7JOXx38AtZ7.search.62&securityId=V2PDDAjL2gHqh-Z166RqON8qVHxYyS6Z_fXrqghlXFQTHWTUMvkQsy1ug_djZ1bCnMrf3XC_bj90mTxToUkTvYjSBdCiiA9Qm186kCYKXPhGoBzVyWk~&sessionId=
安全运维工程师,11-12K,/job_detail/4be1a1a9060ff42e1HBy39-1EVVS.html?lid=7JOXx38AtZ7.search.63&securityId=scICrXwXS0bOw-d10FhaE7rKDcOTi0KZG9-8WJl-IoXLup1i5gyXun4oDGvMx1C3ySxqug-7-uYMkpov5wxXYz-u76DnLqtfW2t8cjO521R15n_hZaY~&sessionId=
运维工程师,3-6K,/job_detail/7250f828b93468371XJ829S1FVNX.html?lid=7JOXx38AtZ7.search.64&securityId=RWjPpUjQG3uUP-M1rI9UVw4CKg1fKZ6XpiUNH3EDzo0QYxWhKvC1c30OJmL-O7OIFYJMszsZsaKRbBg3LGkbVxGoQFgj5Aw9x1WdcQ1lCwkyuPVrEmLq&sessionId=
网络工程师,4-6K·13薪,/job_detail/cf95d2db1f6e93c51nR73Ni1FFZR.html?lid=7JOXx38AtZ7.search.65&securityId=6BXUFS9R8ENyU-S1UG3QiM7zrha3DKrgx6iQY4e-ZBFMx5vpn9K15Z9ojVW1fgG38K7rCEykeV9mBwx8rDc8LZaD6hiaHxNDYEtlrv3B_Rrx938A2py9&sessionId=
监控运维工程师,4-6K·13薪,/job_detail/e6079774d0dc1c141HF_3ty4FVBU.html?lid=7JOXx38AtZ7.search.66&securityId=fqP6VvcLFB1I_-V1O7Vw1NduXxy__OaaVuMKOBL9kmaJ2Hmt9tT9Tx0m-1dI6bfjSSRYGSOk388fK6eigtA6zM1cA0rvorAZ0Fo9PcpFPD2dYw4WYUM_&sessionId=
软件实施运维(海口),15-25K,/job_detail/a3b513776b7a83781H193du5FlRY.html?lid=7JOXx38AtZ7.search.67&securityId=oQK2xPcPZfbqo-q1xva61XNGKAtlMcN64hWBMEVYQv1wHoZIVSYe2uYBHEJx22VqaP5NnfG7oe1YuGxIKTmPWCCRsuz6nHoTU5RzsihKbL8y9g~~&sessionId=
驻场工程师,4-6K,/job_detail/58b719245a502e6e1HZz2dS0F1BW.html?lid=7JOXx38AtZ7.search.68&securityId=TCdVxqkovqlOK-U1Fs5YVDUU6Mx1SFbcJasAXecpEQZOfgli2Uf14eO8PS0pXDE1XT6iYPjr2zb42JTgE0GWNOuCubhHQ1ZlrULk_AaIvyQ0LfFKjpQ~&sessionId=
IOS（统本，视频面试）朝九晚六双休,8-13K,/job_detail/15f108f0421cefd01HN73Ny9EFpV.html?lid=7JOXx38AtZ7.search.69&securityId=-Vxz0w8ehbX5b-Y1PKztU-Y_l2_wRvIm9fNs47R6u_85_2fQuiYcuhXMKKj_LJONHf-Wla3P6WO4lR95bHJ7LnCdZ1n_7EoC_DtRDOWdgFYRjdmkzInGzgrupovsKZ8BYy26nvFuaKLn3Q4XdqQj&sessionId=
安服实习生,180-230元/天,/job_detail/52db8c3b750da73d1HB629q7F1pW.html?lid=7JOXx38AtZ7.search.70&securityId=s9er155SwxJzB-y1Qaf6RTjEccdpcXbzQMFcZIvPiruMC8xCjyTWgpSJn9CTSHauQDPXl1csKA9_2Hk21ypFQ-j9A3FEOprYGmEOYmCpGr3xe_LY&sessionId=
大数据运维,3-4K,/job_detail/5c7b6584bc25f1b31X1z2NS4FFNQ.html?lid=7JOXx38AtZ7.search.71&securityId=BOyxgaWMthbyT-Z1RgrEm-HhNg-o7VMWHuVr_C_RiQHVLqXu-LortyeFrWGpNvYdV6g7sE9lP34XymYGEVb-9ZnqhnTnbB0JBm5C2JSIGbLx9U-9_KQM&sessionId=
前端开发,10-12K,/job_detail/0220a8a4f8fe84e31HN73Ni1GVRT.html?lid=7JOXx38AtZ7.search.72&securityId=DmuLd4KH3aYxm-A1xAKaX6Gos40iFv49zbjp6ekgoi_wVPwBVP_AaU61OUMr70ZqDgh7Xhxp8QiC7Zt9XPLfPsR2FoH_AF-vzrhwg9VduHtRMs3ezak1SpaT6qvml8K5o9kigpLQCUkgEb6mIDqtJp4~&sessionId=
运维工程师,3-4K,/job_detail/3f2a0c7b519d450c03R92dq9EFFV.html?lid=7JOXx38AtZ7.search.73&securityId=_vv2rN-IqmMX3-x1d2MchJAhXxC43_tHUoRLJZ2rn5jLm7hNA9o8iOf5nAKqjQA6NRRzLhM4CFyPaCB5hjNQDvbkMP1g11fI4UIENzj1djbD2u1tXL0~&sessionId=
软件测试工程师,7-8K,/job_detail/d43375dc0cf4d4f81nZ43du5FFZW.html?lid=7JOXx38AtZ7.search.74&securityId=aRCuNgOJvz165-T1NZE_fov2EpJ0WVyjWHAq14LiFGdAewCfoxEU8lwI2yJPU21zTKLfyprFO3vcH2mTzrZQy6Tn0WFloG6jtArE0pXWK0W9_WfNnKA~&sessionId=
运维工程师,3000-3500元/月,/job_detail/656c2db3767fbbbd1H1_0tm5ElRT.html?lid=7JOXx38AtZ7.search.75&securityId=K3OZ3lAIkAyaA-T1hUS3c6OFu_6wXE9F237kMd0CEHTaTWZND199xpPu9NIrcn_TWki1bgxlqYZCUjag8FjM-NKeBF6onhSOCmVnmVSrH-4jISCoiIhx&sessionId=
安卓开发工程师,10-12K,/job_detail/982a808204054aa403V83Nm9GFpX.html?lid=7JOXx38AtZ7.search.76&securityId=dIUr7dFZxA0nN-r1hwhXi_CQn1R81Rk-NbEprgZRPg3Ir6CFcCKN_gGKgkZ_sT1uGGLjd-_bz3aQd_SLi5J3065KrgneLI2Xe68TZwKm352IunrnJ0zHx6JoMg7kJcXIZJlvD3O70DWmomVm5xUb&sessionId=
户外电气工程项目经理,5-10K,/job_detail/d77e29c69feef0dd03Vy3920EFVY.html?lid=7JOXx38AtZ7.search.77&securityId=ltY7CJaNYyFJd-Q1xBLxCt51zv7ZlEM3jHq-3EB8I4rXw-c-jlp1SOU9FTi5QzWsFMQ_hGNq2xeJMIcBtZ2ftDKgjaGmhPQGl6A8Gta0HgL0Qj8Ym0k~&sessionId=
iOS（海口）,7-10K,/job_detail/10873148aa62915c1Hx43dS_FVdS.html?lid=7JOXx38AtZ7.search.78&securityId=gIRhP3gr4DaqB-u1lAcRWYVRQ_DydSCwoJbgzanE1N3cHMUIxFnT46K0GpgGYfcyZCwh7mB3V_xg1Sb11_K9ETYdhGp42C4hNKuJR1bQBOpGJrQiLYDTzowEUl218AQcK_Tjnj3l9jFCH06mLq4O-jM~&sessionId=
运维工程师,3-6K,/job_detail/5888a94e88fae6411XJ-2t26GVBS.html?lid=7JOXx38AtZ7.search.79&securityId=0qCdqM0FDANlV-91QZhfBn6CoArx5kf4zYc1TNZwzpuKR-kWYPLBZ-dM6uRkQuitsXyclc-uZad_cPgwlzhrKtmcyxZzC3u8OUIac3PCvya2TB37nA~~&sessionId=
智能运维技术员,5-6K,/job_detail/642fed52b137eb311XB739m1FVpR.html?lid=7JOXx38AtZ7.search.80&securityId=ORe2r3Jr92fE_-31taXqBNl9gNKzYzjOqekQa7kEnV3RTRjuaa5I18C-fu2LxvQDo1cexX5NodzXqdhWl7AebyGq5fK6mwK6pq5vpi1yTVyL1W3IdX4~&sessionId=
自媒体运营专员,5-6K,/job_detail/8e3c5f50dc10c0d603R83N-7E1RR.html?lid=7JOXx38AtZ7.search.81&securityId=z29OmtczWuX2X-z1l0PJn4SQQUzN46mMCl4fWktQ_iktfybqkYm8l6o6Ah7dpuAAqFJ9Dmk898MwaOoZPsqGTgPUedapA7lSetN1SbTv5aAhu7R5p_VBZzQJ03dCCcUfxfEg9qWuy_7waHE0ifqmulE~&sessionId=
运维工程师（视频会议系统）,4-7K,/job_detail/1fd927158c91063303V_2Nm1GVpY.html?lid=7JOXx38AtZ7.search.82&securityId=gKSA3rK4Zl4Eg-31jHCRqa0Ez9ZkKnIFcPxDr3RdJja5stlFBM8DdD9bQhH23VWhZlfFgFFViIcybRcibFHLq128Q9A5MISS66oIqMI3W1OHNc1_WQ~~&sessionId=
网络工程师,4-6K,/job_detail/a941ca25b3c5bf261HJ42tS4GVdV.html?lid=7JOXx38AtZ7.search.83&securityId=li4ojMTqk9Kk--211EaNjJsNhNkgruv0QgzSocIkdZeer4K9FjDF9TKUSNyBADGlVv4x0dNdTwSWuEQJL-fGNYDcMIMdACHHU1y6voqaE11LRDy6N0rW&sessionId=
IT服务器运维工程师,5-7K,/job_detail/bd235895256bc39503R83Nq-ElpV.html?lid=7JOXx38AtZ7.search.84&securityId=4a2Iq4-M1ynws-g1RbmeUEtxxJ7tfmUlHx7MQaqXeedhyNjQgdtnXN3PutampC6PYa0tWT-qwdKhBRr8gxFGLtgLycoFSLtrbhZTi3My8NEL_VZ0OQ~~&sessionId=
医疗软件实施工程师,5-10K,/job_detail/e3c84cbfbda1620b1HZy29-_EFJX.html?lid=7JOXx38AtZ7.search.85&securityId=Y0gW8hMgO3xQz-g14UCZEn4Ol4xbgWXuf8sEnsd2WT2-y1iJhBCZpDVAD8QrvrXsSS0HNJBRmJCwW8dh4Sos0unZjXrwyyvt9053Y3-PX3JoRHYX4Q~~&sessionId=
运维工程师,20-25元/时,/job_detail/422eb65fef80ac881H1439y8F1JR.html?lid=7JOXx38AtZ7.search.86&securityId=fU0Z1veBGZClp-R17zfLXOv2-7i4eRMSADgrvUo1z4uM-54rTFzyBaCCVqRFt2VTLgBQG0yOAI4oj1sDT7fRUuYZgxLtmssOUHUdU7WhWOAN9_8sGto~&sessionId=
高压试验员,6-10K,/job_detail/bd6d174d0bfa02dc1HNz29q_FFtX.html?lid=7JOXx38AtZ7.search.87&securityId=bL3b6VwXcYUMT-P1_Pn_E4RXze6XWZbjOoabosOTJtiuAYf2JXrTX30QENen0shYZ1rF5OZlzhwoBNUTnYMuril2QCxyTv24a3eEAgfQK7N9MRxOgg~~&sessionId=
PHP工程师（2个月短期岗位）,9-14K,/job_detail/58c8accfb157aa5e03R53NW6F1BZ.html?lid=7JOXx38AtZ7.search.88&securityId=EKHtsoyujUACU-Q1E0NXcjcE5qSm_6NNm0KARdv-2sBZFAlT2ssdyFjZh8W0mb9POSVYmUds1-u1OrV_uuVpyWO2MWSxXZcZ0TJHwtrm0NzRMg7C-w~~&sessionId=
实施工程师,100-150元/天,/job_detail/838427b136a6923e1HJz3tS-FVJX.html?lid=7JOXx38AtZ7.search.89&securityId=QSAB34MHePrBV-s1TkmoX6VABfukGyn0hdvrD1QJ5V2i9WtTzBEOlJtaPZ1fFrO5F2RPVVhigjk8jt4DtNnfmcUpAT-CCybRfF-7YptaM7N8_vCrtYYm4eYBds2luz6pqPLAdFVkDaMimwxiAjsBUC6Z&sessionId=
驻场运维工程师,5-6K,/job_detail/a76660d79e50a3563nd43dq4FlI~.html?lid=7JOXx38AtZ7.search.90&securityId=Uuai02olliBXI-21zhPqdis8bpNhWdgUopVDq7qIhzzxkladMdP2HKiGumM0JahbtXWydhPXkvb4ZzqdwatKspjM1JN4QnsROegyzLdAsOd9Pbsp&sessionId=
污水设备在线运维,4-5K,/job_detail/3806c956b1c6de3b1HB829S8E1dQ.html?lid=7JOXx38AtZ7.search.91&securityId=0f5P6fy7zF_ur-M1zrwOda0cJdPAeWvXJiuJ-n_xRMRq-GOiK18cQ23GxUd-NNEuRDfZ6i8fEqcv_eURUqG3LgmGfKIf9RcE8KeVPDu9rSbn9kLK83Q~&sessionId=
环保设备运维工程师,3-6K,/job_detail/28b15f9afd4aba861XF73t-7EVdR.html?lid=7JOXx38AtZ7.search.92&securityId=LWiSXcq0fHYW4-L1_6gXzHOFu9dCyJohCsLxMxfOZ-wFq-uQnwMiYbDFPbvMy27KzMC5VL4RV4wCLvaxlbhX4vavwJdW2se6TIIFYzTcapBLwEbX0TbQ&sessionId=
软件测试工程师,8-9K,/job_detail/e0f1c4c68a394e5e03Vy2d26FFJU.html?lid=7JOXx38AtZ7.search.93&securityId=NMR5eP2TczjFG-O1gQbX8U-5HrgMEf-70c6jd-0cksucM_Q7StEnLRT27T6q6s6jsr6bPhBTzEk-SZFUcEzysIHGB47vo7JrQ1eUCjTBNLOtSA~~&sessionId=
c++游戏服务器开发,12-18K,/job_detail/4503d88f78f53cf11HV80tq6EVRQ.html?lid=7JOXx38AtZ7.search.94&securityId=56QVE0P2JLC6T-g18li7eXFyFD1KmeCpqLq-RmHkZYrYNCN3TMIjetrsRtUYPYDDOBqjgyyDIG1CrDfGYf5P9Z9zoem4AdXl9BkyBeVPmL_kRIPcR54~&sessionId=
PHP 后端运维工程师,4-5K,/job_detail/8fa9ef332d29cc271XF82Nu5FFVS.html?lid=7JOXx38AtZ7.search.95&securityId=VyUQwikFqDyPX-k1B2bsqDQXtz6p-1WyDZJkMTnhbdnMO8cM5PW2dWJxIVZysIHSDzjuTezBgbZ84plLJ90yPc9O7-aOXUawiiODBw_UEueyODty4dgw&sessionId=
技术员（偏驻点运维方向）,3-4K,/job_detail/8aaea6aa1c45ef4c03Vy2tq4FVpT.html?lid=7JOXx38AtZ7.search.96&securityId=9gg0o8xw5NDek-71GOBMjVEnSf7PVM6EsAkk6Xbbf0eT7u5EUfysu06Oe2oQW0RDjbpIjxN6acg2O4s5MhOxH6p8nh6KtHUpD-PZHKM8vdD611QDBu4~&sessionId=
c++/c开发工程师（五险一金+提供住宿）,10-14K,/job_detail/86f83dc95172e77503Rz3Nq4EFpR.html?lid=7JOXx38AtZ7.search.97&securityId=VJMfTO3C7EsAc-M1rxYbuCjnMUS9sx24xLHWrcK4FOJHr3YzPnjeiA3q7rPtcC91yqFqNzJvwAr5-_H4Yvy6PJmQUOpEjxChGdE4jUKCoeNMppEvog~~&sessionId=
系统运维工程师（驻点值班工程师）,4-6K,/job_detail/d8703e3464bf455303Ry0ti4E1RV.html?lid=7JOXx38AtZ7.search.98&securityId=vVmgKNKz1owrV-31KnT11yIgTcvVyN8qB7k0eH9OadJrtzebKqBpBgUMPHIQUFA7XtiQ1sDnLwSqPBV01yi7i1uFPB07xvPQB6qxNh82cm4zeeLH7gDA&sessionId=
弱电工程师,10-13K,/job_detail/b508866e8140e1e71XJ93tu4FlpQ.html?lid=7JOXx38AtZ7.search.99&securityId=N026uNpeVMmvx-N1FfXd3zpBzJnSzB5kc1bZdFbadVHR_IhwdBXD7f80HXOK0iDq9rqewdq8EAFF6gM6OE2SgEFAxhgb8f0NjtfEt9Mn8uI7lHiOqq4~&sessionId=
运维工程师,4-5K,/job_detail/4c5bef042e91344303V-2d-0EVdV.html?lid=7JOXx38AtZ7.search.100&securityId=K7gd32p3Ccbqv-j1PuOSxXUPQZ5IbVfJllD5_v0KvXgII_igDKVxKOC64axYy6ZJcAT6hiblZX0tVu_VPnUEf8L5YBdGl4g298PHoT4PZeamXmorK81m&sessionId=
运维工程师,8-10K·13薪,/job_detail/4386ab0974f2769e1XV729y7EFNS.html?lid=7JOXx38AtZ7.search.101&securityId=R0xrm8FfAuzNO-Y15C2DB85QjRoBh-DSMuS904AZQnpntQIu1J0FEuM7keEAeOo1-P25SxCtKkxuYEDfXA3cCry7X9La5nu1_iR0LSXsp4g8H3A~&sessionId=
运维专员（环保设备）,6-10K,/job_detail/325bb3dc7e05a2f61HJ73Nm1GFtY.html?lid=7JOXx38AtZ7.search.102&securityId=R6UQfPvEQK6nd-F1zXaXJpGTshQi7_r0iGVXzfOFv0SAT-TidQZwI0zaTniZZU4bxHzStA9xf94xb6_5FEefbC8tRQARRZmmnL4QcF-wyLrpQ5yUp-sk&sessionId=
it工程师,7-10K,/job_detail/15af8bddc3ee94d61HB72di_EFdX.html?lid=7JOXx38AtZ7.search.103&securityId=nqtwscF2iu6Vu-n1MY5zXZzhi_elx73_eIxiIl2LfGFzixZuoy-ILFye_dWgG2dMLMRb7PsTzt9AkjVY4E4RxK6GoQn3jrAx-9AMRvsuioVPtH3WFjov&sessionId=
数据库运维,4-5K,/job_detail/41adbc3280b65a4b1nJ-2ti7FFVT.html?lid=7JOXx38AtZ7.search.104&securityId=IJtX3JeG1W_k8-318IIz_M0Wdz0uNYQEdTULua18EWIqeLJgGvPNKPyzQiiWg__ZO431J4loRNu3H1EHRAUuiEOGnLCSjHventUXmYDwJqynh6N0LA~~&sessionId=
运维工程师,5-10K,/job_detail/609ef086d995fa121HRy2dW_ElVZ.html?lid=7JOXx38AtZ7.search.105&securityId=GNICfNGREmkPW-X11Sa77arEpbn3xZEabd04AXkQiHEUZdvMT1MoqANEzqxQi6aK5bSZWAyGTh4BXFxFLGWMpAePATzb5otkGa9I-_U9OPLjEF7q2m4~&sessionId=
音视频工程师,6-8K,/job_detail/bc7f262729e74d2b03V93dq_E1JT.html?lid=7JOXx38AtZ7.search.106&securityId=krwVesPqTrdt--t1ADIQXpQD9I3FQ5rLLFmY8Y3CGtpibObzaIiArAWMU0x5tGl065l5DjP_fU_0vNPbVdXMIHRaIstIt26_ceYdvGp0m03Nxzfeo0s8&sessionId=
运维服务顾问,6-9K,/job_detail/7974148c3cb3f1cf1XZ53dW7FVtW.html?lid=7JOXx38AtZ7.search.107&securityId=CViuMnd5JdrJW-s1gYlURBAmY1TmUfSdp2Ll02A1AAaFlF-evx16VQgshVyrXQY1pnrO1hgHLRVk-Mb7_3IN9LTi6dVMlm7GCBO1MORgGvYMnQv4&sessionId=
弱电技术员,2-4K,/job_detail/11abd62dab9e92681XB_3t65EFZX.html?lid=7JOXx38AtZ7.search.108&securityId=IN5RyxQF079BR-Z1OFB6hdcf1N3wHJ7FZslCfiX8j215jJaHc5tuoZZa4Cx9Q7ewTfYIs0WGLx7xVx9E83CDl3XHyw2S0B8O_wKcIGyZ39EKZOlm-h7-&sessionId=
Java实习生,120-150元/天,/job_detail/c83c1df4cc53022c1HV82Nm6EFNY.html?lid=7JOXx38AtZ7.search.109&securityId=35KyrM984A2XB-d1ywsQBP7Gbf0cTg-mm3tqPSc13niunVNkfZP2gFg49HVtqy3biq1jz-g1WSTxK7iIDsQzuHoEcLffIBvURn6A7cXnxkYWP3cqovs~&sessionId=
运维工程师,7-12K,/job_detail/04926a16a733dd611nFy09S8FVJW.html?lid=7JOXx38AtZ7.search.110&securityId=nk0soCAOOlryK-x1uTbKmt4AsRzTUovdcKVjAFAC8aj2wl4BfwBNLZbebhyb9swQ1QLypVlOFa9uGy33OPINqUcSNYW8_mFrWflA9hzGgz22_ALWxZFU&sessionId=
项目管理,15-20K,/job_detail/15f94adc17869cb503V4296-EVNQ.html?lid=7JOXx38AtZ7.search.111&securityId=DW87_u2ql13CE-_1zNDpt7XK989bRn0GcNVMGnFTYq1UM6-AWTOsLkSd8tYR_Ti68oJ-1hi9WfPNrVU4APBjtgtA0k5Lxp3EQzniCB40jj9Nk231P0kXetPGH00EECbhr7Y2B1nTCTrmWUuOHRaQ&sessionId=
运维工程师,5-6K,/job_detail/8cd5dde3c32b60ce1XZ73dy_F1tV.html?lid=7JOXx38AtZ7.search.112&securityId=ikxcGX5pBASp_-N1cv1sK1f7kCe4Kgv-Xkf9v1DFSQXSXgkD7NLdjvwvBIx0zZTs6wEYev6oMq5fuK4R5obTyXvf85w7VdW_EN37LFVJ5g-n_Qy884I~&sessionId=
运维服务主管,8-13K,/job_detail/7d951805303e2eb71XJ60t2_F1pU.html?lid=7JOXx38AtZ7.search.113&securityId=Gwu4yvD3XT7ku-E1boJC2D_GyvcJQ37hhcwxTLKVGtkJxHzuTS-JjiysDYobbjbBxDis7J7egboNS9zhvDqMYxzKQP4VitgXWaPrQ4u0XV1EFoIcstk_&sessionId=
运维工程师,6-8K,/job_detail/7e31a20fc6efc6901XV429i8FVdQ.html?lid=7JOXx38AtZ7.search.114&securityId=VrHWVoS4ecgri-f1fFmQJ7bWl6mA62rUbC7Kl-DEHojoodLWrMjReluVxO2cXqBLB2v3gLhcmZTPjnS7oTNfT3bu2gJGacs_izPkHrzBrc2bSjhKaj8~&sessionId=
渗透测试工程师,6-10K,/job_detail/2bd7d3928d7039a61Hx709u5GFJZ.html?lid=7JOXx38AtZ7.search.115&securityId=405MLjbfJOLw1-71IiWJ42G4swBg25XhqdkS0K-O9WgAB4s4CaSpQQ-yPRGTkOBeGqp4y__RauPnvA8AgnGntukrfzmByvnjYYAKNoJ2R3pBsYFIO0s~&sessionId=
系统运维技术工程师  （周末双休+福利好）,3-4K,/job_detail/efcf73ea5a1e3e221HR63NW7EFdW.html?lid=7JOXx38AtZ7.search.116&securityId=Xh_4WhBdygLEL-g1f_qZEnHVhNYqwlrKVBiFujQrAHqRlMiuUO4LSoSkJ4jq_5dLGRloMV0IYc_RAId14sUMrAdYvd8Ki6W9VUxqSbwO_zTKJd8MIUbz&sessionId=
实施运维工程师,5-7K·14薪,/job_detail/071cfa13fcb0638a1XN709i-GFVQ.html?lid=7JOXx38AtZ7.search.117&securityId=Z8zRCOUQcRXNU-h1IB2lVda7FUa9ANtAK3YdujWXjLTl6LuByvY9N6vQ4h1J3Z4A8GfNx1qK3bn-IZ6udZsL0-MyoeoqgqhwZZkIJajktcKtFoZzm4w~&sessionId=
用友运维工程师,3-4K·13薪,/job_detail/001f7a0512722fd61nF82t-9F1NW.html?lid=7JOXx38AtZ7.search.118&securityId=J5gSbwm6Oo1Wt-_1235Lyyyl2Oq6aZccUG1C-f67I59vKhhlL8gcnupyjWXYxDaMkTdu2QOm2kzmLC-WM966QUYavvSoITwuFQOfJsqcFwrwFSQR8w~~&sessionId=
运维工程师（海口）,3-5K,/job_detail/af1511b19ca4e99d1nV_0966F1BV.html?lid=7JOXx38AtZ7.search.119&securityId=bQLoz0gqEoIiU-j1GBfLGJwj_g42EIAH0c-b-kK7j9-BgpBG2czx10lpcKxxAikTKbP_RouZszMQ0O2fLMx6d8Yqag_hl22bPrl9Y5i7vxwoUDJj&sessionId=
运维工程师,6-10K,/job_detail/b553449a749a88430HVz3dS5EFA~.html?lid=7JOXx38AtZ7.search.120&securityId=0k7u5HA7ukuL--y1VTES2P5jwTuEO4OLSsJMdEHYurnvBCzUfCjZISTKYPxVqk65AWll8vOdWcf98yjbUVt1z4CsbRBXmPcJ0RaX1Y-yKEdZBY1jPg~~&sessionId=
中级测试工程师,6-10K,/job_detail/a599363c65ada16b1Hx_2NS7GVZT.html?lid=7JOXx38AtZ7.search.121&securityId=WQAkzjtEiv5eE-710R7ByzND23gqQTeX1XBia0lLWhWq0bx7xneiLaqZ7CaU6l85_jAYRnrhOt3YGVzk8o6qUQXeA0487zYhcMeUScmmfIuPhEE~&sessionId=
电力运维工程师,4-5K,/job_detail/a8b5ee959267340b33162ti4GVs~.html?lid=7JOXx38AtZ7.search.122&securityId=2qpn9aRwySQu3-A1LSZa4DRCSsJaGqUrkCTmbG9zwcIukmgTXoS41_HyylpTJ5f6utywCBULofHSbdr_77yhXaQVuCpnmSl-DGVSsH6vo27IGMaQ&sessionId=
运维主管,6-8K,/job_detail/9ef47369f703dff603V73Ni0FFVV.html?lid=7JOXx38AtZ7.search.123&securityId=l9xdGmWbgcsxm-R1nnG2U5DqR3I_z3oa7Cdx66mZJYVLpO30xLTN1nsNXbxOoIGVnW-gnRl1SUNmvbNVagAHpwy4GAbWFArDrmjLHjjp2HoIZd6J-sY~&sessionId=
网络安全运维工程师,5-8K,/job_detail/4ad4fcf1953fd3451nx53di5EFNX.html?lid=7JOXx38AtZ7.search.124&securityId=ZHqteoBPi10MA-R15VVqn-KASY7cCHrqiCE0ZJOczjESEv_5JCB4CMiJcw9nXrI4_k99JFtQMV4HQ1KdbyyI4REag42zpnfT6rJXSxAH3dLnn1EAEMGe&sessionId=
测试工程师,7-12K·13薪,/job_detail/2cffc8eb61411fe11X193Ny-EltS.html?lid=7JOXx38AtZ7.search.125&securityId=Ny1jJjbqpZcqp-f1eOPy3nYSmc6fc9CzjbUy6iwO2s90EPfKD5oLhGh1-w4Gq42sAbJ0NCPqhKSmQX9pXWZ00j3ZBAazD2wf_QCoUS8Xen6Otph4ZA~~&sessionId=
网站编辑,5-6K,/job_detail/c93aed403977855e1XJ70t65GVpR.html?lid=7JOXx38AtZ7.search.126&securityId=YlpNJEImls7Nt-x1w89yDFU965aaN1r53h7QsFmetGihDws3TeqN-I_fKGV_KdBgZu-RH8GYIlXLR4VozdNAVDUR0dBQQZWHX94_rwl5iqTmN4GvULad&sessionId=
运维工程师,4-6K,/job_detail/edbfc96c12b12f7c1Hx409m-ElRQ.html?lid=7JOXx38AtZ7.search.127&securityId=j7770oER1UQTY-b1NKiQM767WW4Eu6ZhhPznzAdzyTBTP1ErV_H5XZxgig9IfcpGSRaEB_qzniT47bgI1lSplbaTyAoNPmDgoCMFsnedt7JOLqnKJB9s&sessionId=
运维工程师（海口、三亚）,5-6K·13薪,/job_detail/7e9f130992809f391X1-09-8GFRT.html?lid=7JOXx38AtZ7.search.128&securityId=lt63ljXuRn9hq-M1bI2sZ1e0XwLZISCtzJIrQNeMn6KFq3O7wkUgsitfQYonjUwg1byr4ghlv8ITVYom8LSN_2szPEq5deUwq9AQHCVyhvGorHgbIjqS&sessionId=
网络运维,4-7K,/job_detail/a58dba2fc3f62e3f1n172tm4F1pX.html?lid=7JOXx38AtZ7.search.129&securityId=UT-xQqf1-fwA9-r1O_-4OxySV6g83VZ1-ResYhuD-TIlyEsaAekdFMFHjcWf2TTP1ba2g82CVd_l6ir3uLUAnkjOsNPciPmM4VnCEBSgv9NJinXCgeHj&sessionId=
运维工程师,2-5K,/job_detail/880ba898a616e7d51XV_2Nm0EVNQ.html?lid=7JOXx38AtZ7.search.130&securityId=0tiPRyhQH5Em5-W10-_rknwZ2XxGhnJWB46_0CGxAFclNPnsSjLBp3GO2Me5rD8MqGI4y_vGrf8zHDtg1rd61bXJlkpJWkYI_Ww2YZimY3fNzEHoVhw~&sessionId=
运维开发工程师,7-10K,/job_detail/87c7fb7887bc3eef1nBy3tW5FFNW.html?lid=7JOXx38AtZ7.search.131&securityId=hNPlLph3TTcUm-f1EKShtsvU_lli4VqN4aosvUPg2RXngS9oSreLgKNavEsyUUzspddhqfBVlReYmN6EnBTW3_VwndHc8i60kbbK4wdK9AAsXkFdDcGQ&sessionId=
系统运维人员,4-5K,/job_detail/eeaf0d753da1c7fe03Rz0929FFtU.html?lid=7JOXx38AtZ7.search.132&securityId=Ku7tomow-2SGM-h1qDMGw1M7RadyVCn5eQoJZncO12cExynKQlwegklbeirfkJITW_DKrNd7h9ThJrIyq_btj0o_rTcgKNpza86rW2WX6razdqtZYT8-&sessionId=
网络系统工程师,5-6K,/job_detail/39efd357582c02211nF92dS5F1JU.html?lid=7JOXx38AtZ7.search.133&securityId=T01fhbPRJuUVj-21LxnJOZ4NG0AMp0fFIN995ZyFDiF3tpJ1p3jrYa71_y9_UFjMddnY72DvoJWlp_Ha7MviBV4nO3WBDhWU1EuCwRt8QHwCKc-HGHc~&sessionId=
运维工程师,4-8K,/job_detail/a5916e5518936dc603d72t-1GFc~.html?lid=7JOXx38AtZ7.search.134&securityId=A71cmOxrcc1Sj-Y1jXUprHZBe3ZYChdTrb_4Neptoct-RdKDhbtCp6zjR-lpDOXjSig4fxE9_LvQsQXQN5JPny29kzJtDD4kz2-iKm4-2dH3zRpc&sessionId=
动力运维值守人员,4-6K,/job_detail/7f5c27ecdfe349f61HV_3dq4ElVR.html?lid=7JOXx38AtZ7.search.135&securityId=jn3YkX-MG1Ylb-o1eJOf2THhEOdjfWdJZ1611onlhEVQPzTNsZ7wAno30rs29Ov38RF2oDK9kFTaSN83RjXpVk6ba4fgehfwv7OVE4XLLrJlpki7xi1D&sessionId=
运维工程师,90-100元/天,/job_detail/3f5b973186a0dc431HB729u5GFtQ.html?lid=7JOXx38AtZ7.search.136&securityId=mV0N2RaBrb1iH-Y1CSesmEorkfkQ44bXF79kLnuLNzSAl21Hvg9X_rykWH0SsdeJUmMY6U1hIaBAWq5KLrb0KGdjwJgwVD8J7r7jcPodUaBV61Viny3o&sessionId=
系统运维工程师,3-5K,/job_detail/284d0971eb6e86411XZ73920ElVV.html?lid=7JOXx38AtZ7.search.137&securityId=XVWS_T92DmmAO-H1IPSHq-H_P817VEAoZobkFkFmlAP-06MIOFJAl-2njgACHP3lLxzjjz0j6SSSPMQCDYr6q1oLk81E11sk-niRT11Rb8XmKdpeDSw~&sessionId=
IT运维工程师,4-5K,/job_detail/a4fb57356cb1ec361nR63dy-FlFU.html?lid=7JOXx38AtZ7.search.138&securityId=XAn4J9v4Fbs0L-S1yutSmzVbzSxYBRc7BdLzB_6RZLe7WlyAsnMahgNoDUeVacxtJyP5twJx99GyJxb7aNK8vduGUsXtmCC1ybhw-5z5Ex3ZcV5cxxQ~&sessionId=
信息化监理工程师,4-8K,/job_detail/b512d554ebceb5091H1-09W1FlZX.html?lid=7JOXx38AtZ7.search.139&securityId=99-EvoRQj7-c--W162foXDlTVUyCYHW6wKoh-zCV8Gq7BMcY8pYMhlDPwRUxmrW2B7im3KQxeIE7ExUSfEIxuzahPRCStm0eZDX-cppKr5yhzoThhHFb&sessionId=
运维工程师,5-7K,/job_detail/e9279cc146569f661XV90924FFRS.html?lid=7JOXx38AtZ7.search.140&securityId=5JNQz97LM2sCY-v1806tY1Q6Ihgnj9-FiNmDUbLVa1VKBU8Eb9Cfo5N28G4ItcdI2XBwrD0i7DkbuoSss2zEQz1Z5c_Uw8O8B9nOXpa0ODcsKn1RtNyH&sessionId=
运维工程师,2-3K,/job_detail/f08ace5a1ea148671nJ_3Nu5EFJS.html?lid=7JOXx38AtZ7.search.141&securityId=b25YCsrKd7UGY-V1gFBco9o5CMYD_f_Ki-omcSzQiqVLYHVlZSy3ZOLh7PxIsHUEngiCFUJrDfXKATegc434pkqXIN8vFAs13lpsY4IvdZqrtt43XNpT&sessionId=
运维工程师,3-6K,/job_detail/a30248076e3af4d71XB43Ny_FFA~.html?lid=7JOXx38AtZ7.search.142&securityId=9rinqloEfosyZ-v1NPjPn2majoHEaHDdi9nZtOiVmFzmNsinv55f4947YXa7JhPFD9-9OPQxOlTsWPhmStLfi5uTGs7x2dlp4zh01_BFr6H0cSg~&sessionId=
网络运维工程师-海口,3-5K,/job_detail/91eb7ad45064270903R53dm4GFBR.html?lid=7JOXx38AtZ7.search.143&securityId=7HwOtW2HQwEEL-y1VE8XgsFvk8pl4Y3jz2Yeu3C3F1CAQ2-zpo9EjCLHsGRNpMLIRAAYQtduI2aCE-7tnlp-d8gvd9g_OZ7XI9DXFtDuCf9xmkE6pH_A&sessionId=
项目经理（可由工程师兼任）,8-9K,/job_detail/d6e2e399ae7b570d1HN43dm8E1Q~.html?lid=7JOXx38AtZ7.search.144&securityId=Do1u86ukhgula-i1zOdPU8VTRMVsEh-lQUS__-6mczHbUlPiwn8LnlBWoWp5OtJ7SFwq5rIAYhwy6EFWYdjEqX_A8jtUYjWfSn297qKNKB6f1QX2&sessionId=
运维工程师,3-8K,/job_detail/a2b62965de32a6a81nx92t-1FlBQ.html?lid=7JOXx38AtZ7.search.145&securityId=CnAvViCCxs0ql-316MjQj3pCVgQiB8vthp8WXM2uJIOf2K0UXCwt_ohr2Nqut7uAayLs3b8vaEeMO0he_KzhjXjva2TiuKHzlDOPsAgimokH-czs8F1g&sessionId=
项目实施主管,8-13K·13薪,/job_detail/f81661a7f36d7ec41nB53tq1FFVT.html?lid=7JOXx38AtZ7.search.146&securityId=KFpvPOhLUgXAR-E1K1yRKH0F1mgzL0v1LOP7MD7ttVuHPSfuxMs4MpCwgNmQDVlYJdqwfVRyJuUoRXQhteaMQAG93I8AIYO9VxmhSnh4fYmmPQ~~&sessionId=
光伏运维工程师,5-10K,/job_detail/9cf20cb107814e141HJ-2di1EFZW.html?lid=7JOXx38AtZ7.search.147&securityId=qeaNXyBHJQKjp-11pna66wp71gLy3o-MixJg9CrObCb2TaWZM-n35G5i3GZTuEJ91S_MApSOSVtwMrS6TKDNFI7G3b1L9XCJoNDEB3ZPAqB0xL8YxTs~&sessionId=
大数据架构师,10-15K,/job_detail/f3461524c8ab34d01HZ-29-1E1pU.html?lid=7JOXx38AtZ7.search.148&securityId=-CzAB16e42oPg-L1I5wzWZMEB3FNkcYYEtzLOnDDB-67A6sUc2U-4lrxLjIEIBqqTxCnMXgfLB0YDOBitxotoXKa2WWaibDIwgJCfrMju41Bzt9EY88~&sessionId=
软件运维工程师,10-15K,/job_detail/eeaf6659bd7424281HV83tm8EVtX.html?lid=7JOXx38AtZ7.search.149&securityId=zO8mDqgs4vzh--c104eKZEWgoQCYuJ2_ZdjeXh6VJ_mjzhJA2-P89Ynj-7nzdTS8Fk8D6puFb8LEjd53zm5iiDHT_OtAL7HeNknGmpBkJDRbXR9FZ1E~&sessionId=
运维工程师,4-6K,/job_detail/54ffea12f5ab3d270HJ62t2-E1Y~.html?lid=7JOXx38AtZ7.search.150&securityId=Ud0rJupNiBI2j-t1-w2ogzuU78jUuvu1WpvYvXMrnJeBSn24kEb67pztIMyiRyvvP8VaoYNIy5bxLDAVxqBJmOJqscRdCiJJ1tRT2vrki1oaFDc0sA~~&sessionId=
运维工程师,3-5K,/job_detail/a6907466efdac48d1H1709q4GFBV.html?lid=7JOXx38AtZ7.search.151&securityId=nP_o_ASXPUCKi-41QROPqO6_BTxYYK30DbD71d_lSfY9RYWtRsOKxrPhulC5Uzmhw4CgfqNJbGTN6G0u4jxjd_JnkwcOrTaWAyKkm6QZBTSj5_By7VX4&sessionId=
美团充电宝城市运维,3-8K,/job_detail/9eadac36eab85aec1HJz3d-8GFJS.html?lid=7JOXx38AtZ7.search.152&securityId=m18OZqhEfyGxW-s1Gv_0FkTuhh-Fo-7Yh46B_CL439xoyZAEEXHnMt4AT6xJpVQLcHmLFI_lRFY07dioi75Qe24xjt9d_qESg7hjiFAqfYCZgMd_AKZd&sessionId=
H3C工程师,5-8K,/job_detail/a51b151e970291be1XN909q7EFNX.html?lid=7JOXx38AtZ7.search.153&securityId=GPnM7Eo6kT6mK-J1wK4XxEh6eL4NbHvT3dJu8Qo33kY8z5ZSsWQ_Ad8g2HBXSgIfuNOHMM9cATSEiY6QCVWrf14Ltp51uU6L6RJ_ZAn5E8pVaVMK6xQ~&sessionId=
软件实施顾问,5-10K,/job_detail/18a3c7e011d940e31HZ839u9Flo~.html?lid=7JOXx38AtZ7.search.154&securityId=80vjs6msU4O3Z-71tnHtJnp9N9uckLkL3DUV4iK_QMYGOgmh-N-brnx2LTMFShRZQwPHovVfe-NVdmmkcCc976wlPutYZbmxfeHf3j0zb5PaKtg~&sessionId=
ERP系统管理员,4-6K·13薪,/job_detail/c6de21b9a3c80adc03Vy29q5FlRS.html?lid=7JOXx38AtZ7.search.155&securityId=NxCdOqqrDjFlM-t1T_2qrkpF4AWzQcQoNEoFwu-GcxdSySLjrCzO4Ah5R3-mRRjIM6O0WBAFSrBU6ZD3_2noB-yAHF52sKpliHQZAjvjekyFBaBNURkv9SAPU50PQJcbhQ2LhahwTU_wRLMkpvXPa6w~&sessionId=
平台运维,4-5K,/job_detail/f3a8f358612e86071nF72d20GVFU.html?lid=7JOXx38AtZ7.search.156&securityId=zvjvrBzY3Ixzl-91ksqGnhOo6k0bieJ4eBR0IhFTuYe3APUEfe6SI2Zq6zdzNm1MeJ_zbaZqRJfjZUlyd8DCvhGkW4F4YJ-AlWWKcQggYE_Z6hdwkw~~&sessionId=
硬件运维工程师,6-7K,/job_detail/789e3d9345a945481HZ63Nq5EFpU.html?lid=7JOXx38AtZ7.search.157&securityId=mL7jqF7f-TrNc-t11jhRs-r5vJi1DWsPG4Gy_TszsHOHf-o7KOXjr1K1L7jyCa-CejFhFRdSXHNpZWDw_fuO0S9A8hg137k_fEIqa_yNbSy0AQ8ayg~~&sessionId=
电气工程师助理,3-4K,/job_detail/7221d490439b18621n1_29i9F1RY.html?lid=7JOXx38AtZ7.search.158&securityId=WHSWdvzgvl9Kc-H1l0cbZzPCMa6Ngrfr_0i7ERJ9-0pJcfM2PHCS_80fPnv0fb-NobZ1B4VzK_MGYGZgf591FKbQCy7g8wxQLvEzjK2k_DEXi8atcvk~&sessionId=
网络安全工程师,9-14K,/job_detail/08911cc621f48c301XN63tS-F1BW.html?lid=7JOXx38AtZ7.search.159&securityId=3PJinpYwF80eb-c1PffA-du3My8hMvHhMTC4RHrfHHFwdR_kjMf53CWQw7owPqTqriXWl9d7pwzi-kXg58XWAwOyBjdBiXSkwyVLWx7GCSLcKTKVots~&sessionId=
实施工程师,4-7K,/job_detail/12a2f41f96d882ba1Xx639-9EFM~.html?lid=7JOXx38AtZ7.search.160&securityId=FLMqDRqPjNpxj-F1GXJ374k3G7rJUeVbAnAgGOWBZ8l-wqXSf77u7fEFxa4jv353LEzD7ShWzzVUIpmVJHZgjH-T0fn050ng7oNkP0jdO3ZX6nzD&sessionId=
大数据开发工程师(海口亚信-学信网),7-12K,/job_detail/a4fd665617f504b01XZ73tW7FlVX.html?lid=7JOXx38AtZ7.search.161&securityId=cL-MEM6QFB0sd-R1BkcuEC8KzzuwHMfhNat9o-imIAfTSWnwVbWAb-8HDRciaudV8lS7v2zg-AqaLYJnRjCJ7xwmmllf_dQ6_yS57vnFoBDhwABuu7Y3&sessionId=
前端开发工程师,5-6K,/job_detail/f2b57b796dd492e01Hx-3du8EFpT.html?lid=7JOXx38AtZ7.search.162&securityId=pqQjXIyiNKlNH-V1iiA76SigOeDqblS-cJ0sc_6Bbsfb7FNHZ6Ojml9XLN7ShQzH1F2SKLuHs1aKBHa4WEXtqCiyvjSPAqeoZ3wU9-Ntc4dbVob4YeFwPmOOs2Zpl9Nfsm823wmNbefEwHdDAtt4&sessionId=
环保设备运维工程师,4-8K,/job_detail/5409b70ea3afad7c03R63Nm-EFRW.html?lid=7JOXx38AtZ7.search.163&securityId=RYOTLm3zs5rAy-01VMvhbAdwni-oVMWkXeYel86l0EqFXKPJtdiMhQZ-zvcy7zLnHu7Lhq4pv5_ebKvOxQJQ7TwyptV1X6HcAlcKgvVlKMm7DXb1QFzl&sessionId=
实施运维工程师,4-6K,/job_detail/2adad8b77c7e1dda0XJ509y1ElU~.html?lid=7JOXx38AtZ7.search.164&securityId=ycfAjzcwKOJrl-h1zwlMyZWuh6vp0P84QpLCbcQZeGx-AfF1uzHizvZfWYuGn3qmmIDyraghQ1F8yd2ZZgkB6adCItyXSgkpIOpBzerPCI0qzm5C&sessionId=
运维工程师,3-8K,/job_detail/e7c143c5ffe1b84c1XV62NS8ElpT.html?lid=7JOXx38AtZ7.search.165&securityId=LXuvV1TfIwR8L-z1db5qUclUh7uYeTRarSD4TBN9IwYUelK6Jfzqgt2gRKgSjPDPjDT7fJWAyCZVRLveP7J1pNWPqvdft8m0d2MEH5eqAieEpahW_7Y~&sessionId=
服务器开发工程师,12-18K,/job_detail/20b3ff41c448864f1nFy2di5FlZW.html?lid=7JOXx38AtZ7.search.166&securityId=O5luGdi2xepYG-S12FizW4N7vLYerQSUwdh9nBqXMlZGtT8vRtQ4g1AIJrbFiy-QbLSRxQ78Z_JXy0q_iS_FUk3q8kCNGB5ZXSWOztWhfyfg1CSiVJ7J&sessionId=
系统测试维护员,4-5K,/job_detail/918a704b8d07ff7e1X1509-1E1tR.html?lid=7JOXx38AtZ7.search.167&securityId=4CsyoXJwEVrIf-019Kc90uD9S_4XipaKDAvbp_ELVKnFm81typVC5Gxee83lq9e6rbLIxvMrDCetGH-aN-4qAWMfp6CIiCBdSEqdnqYRSO-ShzGGoiI~&sessionId=
项目管理与运维工程师,4-8K,/job_detail/258a2244d09466531HZ529m4EltW.html?lid=7JOXx38AtZ7.search.168&securityId=VjOy8UhbzP-Of-21xcK0opAbd3OzTjW__4O-5cPHz2ryRebdY3Et6jukmrEt6VKE4ip2GPnz5I3jRQDfNzAVKMhg8pFZuGEu5Y6H_4UzVC8Qj7D8EEDq&sessionId=
运维专员,4-6K,/job_detail/49e815b68d107b741HZ52Nu0EVBY.html?lid=7JOXx38AtZ7.search.169&securityId=uDEQ8HUTz0k6r-T1Hi4Z_x-BTz5EehvOSl0O15_7thFPPXH96yV8aGiX66PgVKo33LbpVIpcQUloq1vxiQCdsO9lcNA9bWjTaS4zQUsq_KdjsjXo4Zg~&sessionId=
无人驾驶交付与运营,4-6K,/job_detail/df8fab81db65e0cb1Hx82N-9FlZU.html?lid=7JOXx38AtZ7.search.170&securityId=M7TwUR08BMzGC-21aj4vccnig7mX7v3IXsOfd4XpidfHyU8QqbMxgd1GAKInd9GzRbbnU246vxHxBx1UZG6raOSQEjnLjscC2hCpmZNqhvw7KiUG79ly&sessionId=
网络工程师,3-8K,/job_detail/00da283453c6c47e33dy3NW0GFQ~.html?lid=7JOXx38AtZ7.search.171&securityId=smd59VTRAxFEF-_10IdzEDE63NYUW9hySmhRyPXhX8RQYR3ogBgCI3nsXH3XKArdEiqx8O975bSYwD2z7QJXRMAarWEoUc3CLtwbUGzOZcEAjZB3&sessionId=
能源站运维,4-5K,/job_detail/6e298d0003f4e5b61HN839W_ElNV.html?lid=7JOXx38AtZ7.search.172&securityId=QOPKyzQfuUuIW-s1qD9wDUJ7zEsR03a8aVTCghOsVmtJQryub4415r_LCTR9R4ia7V6UkXbWrzVZ_QUWw8wYbB6LdDlwg21coxnNJ0xScv5Ggv-CwMgx&sessionId=
海南城市副总经理（租车业务）,20-30K,/job_detail/71b7e6c1e01acbc203R_2N2-F1tU.html?lid=7JOXx38AtZ7.search.173&securityId=_86eCmQi6DkyX-x1zHY7GTgo4KSF7RC-z8yYh4S0otwRx0A3rXHtnjr8Q7qu7MnT-VdpHWNA5KSuTgN27opQGRZS96gs5SuZtKDRSqsh_JmCApo~&sessionId=
水站运维工程师,4-6K,/job_detail/0df875d3247e0cce1nZ73tq8FlBZ.html?lid=7JOXx38AtZ7.search.174&securityId=jUQ6IURebVSct-q1Qj4eEG2qdpGjpeY4g8jTi96z7O65B7UJDpTJbvo0WDi0ErQmwfAaxkg7oeOZMv9ehpVSAnkENmXOLEJb0iWtJeVClRJVdiLTzls~&sessionId=
华为IMC-IDC\能源基础工程师,14-17K,/job_detail/01cf68877866ccb21nF50t69FVNZ.html?lid=7JOXx38AtZ7.search.175&securityId=5wRYZqis3oVZo-91OHGUxW3h-U80wPpRWmDOxx-tQN5ryG7muKL6xIEZLUQOhC6f8GzDpmO7fpul_DPCZ8CyWZa9T9wKqgRYsFgnlRSgTtmU8kkm&sessionId=
运维专员,5-7K,/job_detail/c7d8bba6e2e4760c1X162Nq7FVpS.html?lid=7JOXx38AtZ7.search.176&securityId=dGt7KjI6NNhxG-W1bnP06hRzTSAxHo4uTIfZznoFSh8jpZnirrakyO_vjUhQSWKmjtwhC1qsTYBc8ioxhc-U0LLimVu4NfIkN_4Sm-v_qLsxwvtWYE0~&sessionId=
运维工程师,4-6K,/job_detail/4d4847a4fbfae5d01Hx409i_ElFR.html?lid=7JOXx38AtZ7.search.177&securityId=EzYFxNTARWMJN-g1ZYk0yvaxuyncfRsC36hbxH_BDdsjhwsZ_mKu4kaCuhGKiwqh4x8UdBYvForuR5ij-StXc8dBKkHAbwjJ4-Ty0Fh7tU7XKNhsokLJ&sessionId=
运维专员,3-4K,/job_detail/fa947d1bebddb25f1Hx43dy0GVRW.html?lid=7JOXx38AtZ7.search.178&securityId=qrBPdkQhljkhW-H1GXW2ldFA24mww9gKkPkFM6FdGtYK79doBfJo3LtW-YNXCZyT-kaVQJJE7DLmtnR6DtpfGa6XzzwBaZXe-tDII3k1gsdJ5UQu&sessionId=
游戏后台开发,12-20K,/job_detail/506e0ed840e75cde1XR70tW7GFRS.html?lid=7JOXx38AtZ7.search.179&securityId=aSAkvJE46GZAt-S1DyGCgyS-XRU0Paz5j8Jsx9D3JQkVDSCKj7wWieIVN3DHOwxocpo2a81rMx_sfOq7SmG_dzZFF2PNYQkOuclkjekR4YbDQEhNA8M~&sessionId=
数据标注管理 外派郑州,5-10K,/job_detail/fdc60fc048949d5a1HJ93N2_GFdS.html?lid=7JOXx38AtZ7.search.180&securityId=NCauLjQQ0zFZx-L1hDqknvS4elD_2ykkc0TpQtARrCTjqS-4M-HhnHQKydTNo_XSZU5c44aWIi7IgkxdkRLHjWbfqn-unwFq2tqOfYIBgipDbfhx0JYz&sessionId=
运维实施工程师,5-7K,/job_detail/a9aec5e9c860a0d51n1-29i6EVtX.html?lid=7JOXx38AtZ7.search.181&securityId=l1o30YMX62ee3-C1Q7ffg48a7_yk1P0p87M1TPgEUGQzlZrWsIb0HJekvFNC7IVFMWqgVyQ8TCMcKGRhVEO-ILsM9aUrHWXPHP22iyvVryXxX7mqAcM~&sessionId=
环保运维工程师,3-7K,/job_detail/f7f50779d9afa9331HF729y8FVdY.html?lid=7JOXx38AtZ7.search.182&securityId=KXOCNNYUIvH6U-A1ru5kF4ajUTH-JvFRdvo0U4rK6QENkEaYvAPElZWDYzgHkolgnnBQptgVknhuUIqtLMC442DdTF19m4obbpcEF8JGYEEDvzyuIQ~~&sessionId=
直播运营助理,4-9K,/job_detail/976e777ebc9f6e021HN63du4FlFR.html?lid=7JOXx38AtZ7.search.183&securityId=Aqhmh1EAcrU4j-D1FCL5X-qpQQ9OmNpV17oGknTaeuqRbiuKquCEMSvj3B9nbwsFGpZFDPDdG37PYP9-lToBXdZLv_bJPgbT9DZTi_ZQrBC4vjLvHDbszzmp0Cab5PSltoAKSic3XZkgQk3lCCy2V1N4&sessionId=
法务助理,3-6K,/job_detail/575fba0e1169c6461Hdz2du7F1tV.html?lid=7JOXx38AtZ7.search.184&securityId=m8ORbyd8ZN-9T--1EA0Bx5yfXYIgB9fpbp3zdUCsMzno2bjlCY2bJgEO6ZiXx8exYDiNidBTXIuCXk1FiWfRH5mDL_oiI9GH5JAHANEvi8KCkgv07HGK&sessionId=
服务端程序员,15-25K,/job_detail/4aafd40ba5fa6e691XRz0tq_FlVZ.html?lid=7JOXx38AtZ7.search.185&securityId=012bKrQeHuXON-W1IlOmsK2lr0r93HG9uHOG0cnJ517fdKva-z5cVMmU66ZjTT4_PMHtVunKQEPzCpUwh-WtQdlhb3RJFlKRdhaHyZjFegIOKe7ShR4~&sessionId=
Web前端开发工程师,7-10K·13薪,/job_detail/740e62f2bc2c04621nZ63dy9FFNY.html?lid=7JOXx38AtZ7.search.186&securityId=vBum-tKPdh1vh-l1-KytqaOsRmkh4RntKPscAejpzX7QQfdlgELBdaLGRMLHsYkySwU3CUKl98AoKlrMiYuUzXQFNCOP-DUVGcUTwWV-h_bPOgqFYtG0&sessionId=
java软件开发工程师,6-10K·13薪,/job_detail/39fa4e4fe5c7d3561HBz3N25EVZZ.html?lid=7JOXx38AtZ7.search.187&securityId=OKF1Q2sa6PgcE-x1igRSbPLDF5_nw__rHQpnftdPNELst_I4KjihxUsLirNrElk2lMKFe-Hw7JHjOuK5pMd90M5WsRctuH6mtO5AjUCg6jnb-UAxNTAb&sessionId=
运维工程师,4-8K,/job_detail/6fc81d086b8079011n180t-5FVdU.html?lid=7JOXx38AtZ7.search.188&securityId=GsXU-FlmXDHM--21aPzrfSJlr0LHfChU9vYOg-eCGI4WTPkwQcwZjuU8avBDC6LiVGVjX4ZNcSSpWVo9H3S7fZUUAbWLGqAWnJfPLD_O7YxSmXsBvjGl&sessionId=
系统管理员,2000-4000元/月,/job_detail/f4bf013834e69bfd1H190925EFNY.html?lid=7JOXx38AtZ7.search.189&securityId=A5kOXvuC71xFF-91DFnGxt3vWCpEkCK_G98519VFc-tmtFokCmdbCKDlboN2rfYMxbvnrjSkWEacIqZoKQb9MDi4ImxysWQ2YmqVVfaCqHS3_0wjYIQ~&sessionId=
道路工程师,5-7K,/job_detail/ba39636d89476f101Xx92N-9FVVW.html?lid=7JOXx38AtZ7.search.190&securityId=Bri7sKSe6Jx6x-41OiY0YUUa-y437dlL2T3-TlNG8LJQdLl-oCSCFYOgMYA8ejxry5VdgEXeKD4HN5FqAPP_1ijRxBGjYXCeWt7tAuolwtfNU2otuIA~&sessionId=
java开发工程,6-11K,/job_detail/2eb59cf9c82018bb1HN73tm0ElpX.html?lid=7JOXx38AtZ7.search.191&securityId=y1R45Opr8fs8o-61I-MRqEdZuRU5q1Y_evpbhOAf6yewa527YFPB_cf6f_5KpBj41fIkut2KSRd99LePpqrTPWuaFp7W1M-o1ax1mY1vjRsLAV6vOlC2&sessionId=
测试工程师,4-9K,/job_detail/02a861ebf28f3a711nB_09i1FVVV.html?lid=7JOXx38AtZ7.search.192&securityId=RBEL9EHSUqDf3-11a65poGKYrC4rDcxQW6jtuuwWAtEgQaj3lQbYDmivQ_JH0s6noHdGV2ejKkePdyP6u52WcwWrQtGa5mTqVwdKE9xAeGMdoGXJw84~&sessionId=
JAVA开发工程师,10-15K,/job_detail/263662aa255e7b9a1HN_2NW1EFpY.html?lid=7JOXx38AtZ7.search.193&securityId=oEONRJTL9fd6s-G1tpJ8FTdpfidgY5Xf8-ladXjUNmyYKw0KaPzf8tt_-h6Bx6KbQ8t38wtsjOs7OVbsGKBsxi8ebLKLj1Yj8GYRjQzlJLi34UpH8bc~&sessionId=
监控维护员,4-5K,/job_detail/d0aaff106a88bd2e1H1529i5FVpY.html?lid=7JOXx38AtZ7.search.194&securityId=wJcDCZypqtJa_-v1sCoxkzTQFN6dDa5s13dXvIEfITLzvzPHg8yL859HDnI3auhs1cgSn9bJWOu3W8ykleroLu-8TTcRQx-FtZyqXT6xANU05hyu1qGg&sessionId=
数据库开发工程师,9-13K,/job_detail/de336701880d49b51HZ739-5F1A~.html?lid=7JOXx38AtZ7.search.195&securityId=jP_m0CftTHMqs-J1OS1TuJsJVjx8Piy33tpTGT5KzdVQSsv6dPx4xrBlY79Xe9FsxMDFNKE2_bsaRNqlSx2lSZXPLtadUIh_Kzaz_m46ldaRaPQ~&sessionId=
IT技术支持工程师,6-9K,/job_detail/c5f8813a8b318a451HR82d-6EVFQ.html?lid=7JOXx38AtZ7.search.196&securityId=BGzKbkqiW2-wT-Y1xCzLy1JPncB1w-_WIF06i3GjKo44-hTxaD8L00E9Q_SRgWVVPDlxj_sz5NLJgb10uiBEJzjlhgNI1rCc3TZfw6Fl4QkjblHDUBo~&sessionId=
人事专员,3-5K,/job_detail/da2197046953ff4a1HN82d6-FldR.html?lid=7JOXx38AtZ7.search.197&securityId=TrWXHAED-8oCL-Z1lJlmJBwFkYOOd7n2iMANznyYMiPwMAOBgz44WWmRA3ZyuV7GYj0nIk6fdkbVFEq_z_FiVMmYnuAq0C4J_gW-rWxtamsonu7xscZ_E6dhNeznlswK4BScWSPmVUzrDFpWSYZUNbQh&sessionId=
PHP软件开发工程师,10-15K·13薪,/job_detail/994400e29fcfda131nd63964FlFS.html?lid=7JOXx38AtZ7.search.198&securityId=o3ipKbeEjMpQM-61zMHlrrMJY71OTDpUF-pUj5nuH-4TsvTDYnW-wBht9OYoG0Hbe2vDMNEIabMmv0hF4T0ZXdLJbZP5fptw-YxeCGjsqiM8Zbp27BSa&sessionId=
智能化弱电运维工程师,5-8K,/job_detail/0a30777a06046c3b1XJy2dS1F1FW.html?lid=7JOXx38AtZ7.search.199&securityId=WxugFaK3_0KGP-b1amuJbbgSRjzmN5sM2s11w59maj_CtSA0GGXPUzW1JWHo2HqIaA-WoVWceNrZpudnQ8I3dsEaMd_4G1VA71MYrJsm528pulSspA~~&sessionId=
技术人员,10-15K,/job_detail/f287ee410974f57c1nV43Nq5FlpY.html?lid=7JOXx38AtZ7.search.200&securityId=VLat0wXeRt7lY-g1OIh-lQU9FfK_-5C3H3aDTNuaD0s_L1-KgMgrPDkkRAhbqNNPy-nzlWIGiTBEB62luzRydDyN_-J3mNqi5_qZXotdWvL1yrW8cotN&sessionId=
项目组员,5-8K,/job_detail/f0c8e59a5253ccee1HNy09S9E1FR.html?lid=7JOXx38AtZ7.search.201&securityId=4ZYSOK2Op9wV7-0114Lvkfv0sSESgPbkLyBBDJ1eDhmaYhE24W0WDJq3pahmgTf82PcG57t-2wjAGeOAaAPZzxrtnFinmbxXLHSl7f77_HMkvF0HSQ~~&sessionId=
小电充电宝运维,6-11K,/job_detail/af1762da384907321HVz09m_FVZY.html?lid=7JOXx38AtZ7.search.202&securityId=LlR8SnRxtKj9T-81co0Sz6uQ_gX2hsof0fWQLoxnWwli3K0Q1eFT6R9Gz3EOyjKgUG3wMCAsGwx3Qj-cPluOXF71lWcZDYTtgR34r4V_1uUVpOT6Ml0y&sessionId=
初级桌面运维工程师,3-4K,/job_detail/2fd9372e9470dfae1HVy3d28FFVU.html?lid=7JOXx38AtZ7.search.203&securityId=ILEmnZjElUmJ2-l1cEPYHOIBN-sFJEsMnFWk0IphHN6g35G9avOdqaBmc2ny20z6A-bbbnrTisERS8R9jM8yluT1CNohT-uHvQ3mqa_1BSA_NW8BKOFL&sessionId=
技术支持工程师,5-6K,/job_detail/4a33a8961db0c9061XJ_2961EltV.html?lid=7JOXx38AtZ7.search.204&securityId=ERgnDiLbjwL4I-Z17MIISc7x7VXw_k-CeSXAjwH3mRZ6prFgqLDKlkYre8OJv5jheSZ-DUNUP4Qdlc5iyPw8Rb1CX-5KPZal3echIDRXlfOHnRaP&sessionId=
IT项目经理,8-13K·13薪,/job_detail/7f6d8ff219b34a2b1nF92NW5FVVX.html?lid=7JOXx38AtZ7.search.205&securityId=rxe0i5ZqyqoqZ-51qIPms8tCRK1ApIum953hgfHvgr5OwoXyZ_LYr6fMHCziIPAHChjR5wmHVsKMW-SmtyG2IsyGSCHGuUcKUdstvFCjBq8nyl8~&sessionId=
中级java开发工程师（工作地点儋州、海口）,10-15K,/job_detail/3afff4ade03017511HJ83tq-EFtX.html?lid=7JOXx38AtZ7.search.206&securityId=RgqCptSu99Oxc-Q1NmVx5MGynjndGOdJmRrumI1aNjLKfFSO8jfUwbUDr02NKchagNk0NUxu0miPZj2I3x573N-TCpa44TY2NeMoiYGqMQRp4uGKYs4~&sessionId=
项目经理,5-6K,/job_detail/98914775900a606e03F-09q-Elc~.html?lid=7JOXx38AtZ7.search.207&securityId=x6CUWYN5rsSwR-h15JEqmvbhr45Bz0vPPh3kGgwfBCNrY_Bcti2zOFy9-ajPmZBVP7iizb_Ie0Cm-8q2geVqT-vfjas0unM8oaWu25RrKinw4ao-&sessionId=
高级网站开发工程师,6-11K,/job_detail/c173cb49529f741b1HZ72Nu1FVRZ.html?lid=7JOXx38AtZ7.search.208&securityId=hpXKkz5kd7S1F-R1DJ2DrqTKOJ-4scNj65Bn2s9Dc1IU8uRa7EX_k8YXkkIzPQnnmSwBU9hAdlUUn2-Ad-r1BJmXwP01DAkfMl8bA0PkmvTDwAjBx_zc&sessionId=
项目主管,5-6K,/job_detail/12e876dfe97951561H1639-1GFdZ.html?lid=7JOXx38AtZ7.search.209&securityId=uipPYP-gshiwX-41MfaBhmvlY6JYHOXuAyzErqTMhqO-31M94TDKWaoH89x4HH4_F0jrxdtZ1jYF65CQ_0Nvgispnam6liY1IVeQEox-GtAWSHlWKFZV&sessionId=
运维专员（偏督导）,5-6K·13薪,/job_detail/3fb47cb90eaad58803V63tS0ElVY.html?lid=7JOXx38AtZ7.search.210&securityId=_TPc85eLS9-uW-R17EiZttQEQXyPbE-7_wWGdtzqNRoPrI_BxIe6XZRQRY6yI2_6a1TSZU1Fx7MmQWQcQWJ0ND4g2B4MTAPCkm0tDDszpzDH_yC_jKl4&sessionId=
污水处理站运维主管,6-7K,/job_detail/09512168be3979661n183Ni-GFNX.html?lid=7JOXx38AtZ7.search.211&securityId=zZQVv9odvoteS-P1ilCabN-8WGdH2VQPVpe7ZX2Z4fIWu_XOnn-_kUwAXnhchmHKxMTMQHe4lwVZYUCqL3Y9UE-kOu1INdfSNEKkv4rU5ECtazYAOA~~&sessionId=
java 海口,6-11K,/job_detail/53a9327667c164f81XB70ti_GFJW.html?lid=7JOXx38AtZ7.search.212&securityId=hGW1jWz4M6bgr-d1w33w7F4Bdk9RP8OSWJuSUYJN030r_bs5bezksPSuSWof_IPTxIv3On7tBqbDNK3aGLZ8EGS64UsV0uFd9SmF8NxpS7iYKwejPQ~~&sessionId=
php开发工程师,8-12K,/job_detail/42e9f06a5b8897f91XB929-4F1pR.html?lid=7JOXx38AtZ7.search.213&securityId=aUiZXLBpcHBwf-51y2JhAB5xNOPa1ZnrCF5zOvBYoBMjsVlwSh5Hgn6XFaNG3Wlw2W9CZPHrFsUp-whTqOg3XvjTvEBX0qn6j-ahzW9JsKxwnStF&sessionId=
JAVA高级工程师,15-20K·13薪,/job_detail/70c77c22a674c7d51nZz3dq8FlRU.html?lid=7JOXx38AtZ7.search.214&securityId=dt1gF7oe2jV37-C1rY74K7z3D22YQXwcCwjQitHgAhVAExL8D1o_OKQ7x8cFw_f5Uw88o1CM7UY_uUIZI4Vw1Jkr72MLHIUTRYz_ko5u1AfybRc~&sessionId=
PHP后端,9-14K,/job_detail/18b22814f8ef607a1n162d65EFNU.html?lid=7JOXx38AtZ7.search.215&securityId=lxXyD3B67ygHw-L12JfRWzHhF3QKZggR6Rgjm5CAVy2GsiGr7fQJjEypE22ihIt4bZD0wb2y-5CjYhaOypwJxRykJJTpE5Yi5GzH0Zpwq7KLbBTh-zSF&sessionId=
网络工程师,4-5K,/job_detail/4ee9f7ba52ede43c1HR_2t-0GVRR.html?lid=7JOXx38AtZ7.search.216&securityId=hIwAfTepE4lX0-M1IBd1xni2ZbOS2SKFZLq0aisWsRX6cbya1F-nleiy1Jg-iWy7WHW4uWdiOavC6le949TES2TqaMLajjcKhqAvqIUJrPo4WY2rU36N&sessionId=
PHP后端开发工程师,6-10K,/job_detail/745388d80beb2cd51nJ-2dm5FlVQ.html?lid=7JOXx38AtZ7.search.217&securityId=4FIeUN_WKOgO0-W1-qKGp7UHh0mTyFQgOfHM2sNpy48ALaIQ7bVpYQjjdqsDZAWz7Soh1a4MlZNORrtiqQ0fFSmqqU0sSFVD5EcpiXGKzdHkjk4kehQ~&sessionId=
美团共享充电宝经理,6-11K,/job_detail/ae8c4e732396639703R42N6_GVNY.html?lid=7JOXx38AtZ7.search.218&securityId=mkWAqDrPXHxWG-P1FnJnKTdRWQbgJiyEdaJodwfPRWkgxZoGagugkVgGLdUaxbIH0GaXyqsaMNRa0qlJHydyrnCHLayb6pI0zi7UMTCf-2kvgNDVRw~~&sessionId=
光伏/风电运维主管,9-12K,/job_detail/0bb43775a1e7283b1HJy39m8FVJR.html?lid=7JOXx38AtZ7.search.219&securityId=wLCmCsOX_6nIL-W1x5UTy8VjqxhjKDLsQPXBi7XK2sHGGVMJHV_fzsHk2amD3b7k8eWnGnbz7unuK6gmKnoGgKRSmTxmn08taQ7ZPgW0VCep6yxPm1Y~&sessionId=
游戏后端主程,5-8K,/job_detail/9fd72d14c955db5c1Hd_29m6GVpY.html?lid=7JOXx38AtZ7.search.220&securityId=UFPa3VCPwmOgK-U1WyAuunJ5kdr7Zhp4HR6cDquaSY-jhMJ7HhmiYVMXRD7GOptl9xQuhs0SRgw64XxoTglB0qgu3ThLan8DMVmGFRuKDYEQFmyQxGRk&sessionId=
系统集成售后工程师,5-10K,/job_detail/a6f9592cfd8ec6751Xx52Ni_GFBY.html?lid=7JOXx38AtZ7.search.221&securityId=eu6TEWJStjcAK-u1c9vmOdrBrR_hiiIdLC4YgmkDQN40jnmDSnVr33xbT7t0G_DiZA8mgiSpD2xEaBWv2ak4hd24VbIZmcInC-FKhQPoj5E6DCTmABEz&sessionId=
PHP,6-10K,/job_detail/bb51a28f553a0c711nV82N-5FVE~.html?lid=7JOXx38AtZ7.search.222&securityId=xprYa1I4UPTKE-e1nvwPHHMDWxCwfjoFM3PfAsxKb3TFlet0-40RjOMbtUah9E4dSmMbifZYOSjIaOnFcDsYMg_T4nOPxL-9sETigbS09tAToww~&sessionId=
中级Java软件工程师,6-8K,/job_detail/5d9fa9840f16711f1XJ_2N67F1FZ.html?lid=7JOXx38AtZ7.search.223&securityId=MQhs6e1gpLY5w-b1hY83iDoYuXRXq0vQ_sKcoNr7-I0RLNhX23K3ZscxtvserqYRpyJ_1LJ6yzQVrACKtdTlQbE3HdoJdyXXaKZ5Lm1gUZUsBwizYWw~&sessionId=
PHP程序员,4-9K,/job_detail/129655243cf6f9971nZ93N25FVFZ.html?lid=7JOXx38AtZ7.search.224&securityId=vidz46NUGR9vZ-R1vTvQ2v4YpeAVrgBYK0zcVJg3nZw28zLc7WpPg11Rlcp3R44Mk0UNZpBbVppqWBbtmqwsZ5R0EygvGBcZgCFcobxIKUadGa0JCAwU&sessionId=
Java中级开发工程师,10-15K,/job_detail/0db63e01597ac44e1nN_3dy4EVFY.html?lid=7JOXx38AtZ7.search.225&securityId=glWleATe2C5JW-r1q6Zk4by9IyYPS_NE-6TJbkukzN7b9A_w-sgtz0oE00rmreScfCE-9mNhCdGTUAiZ5OzwVXfncWOWnYq2rm2DeVLp4FZvuVD7lcw~&sessionId=
Java开发工程师,11-20K·13薪,/job_detail/b4c9aee3f203d5ff1XZ_3N-4GVZY.html?lid=7JOXx38AtZ7.search.226&securityId=3Lsb2jZANcpit-s1BzQNntkLqXGtmxT2yrNfIj6mrGJoA_6q0TgUyeErKNAtlLEffgG0tbjdUDnFjyw3jA3D6KeELknKTUSgx-gttOqgjNrdQ1RO1a8~&sessionId=
财务经理,8-10K,/job_detail/a5352e096ee3f2a61HN80968EFVT.html?lid=7JOXx38AtZ7.search.227&securityId=gTh63WIu5cN9U-u1i-LulU610bZ6iAr1SAwGPmKvidwlONIfQ1jYmH_9RejXyxfDzVQ7xJH2w9XIMn1LgjRYMWmT5cXvyG-r4COA2w2LRyndt1xXOiHR&sessionId=
软件工程师,5-10K,/job_detail/cff803b9c3fdf59a1nVy3dy7ElRT.html?lid=7JOXx38AtZ7.search.228&securityId=ulEwiCmmKFDii-81un2QsOJIPTLZqlhcH8iNLTcgjdrmxtq-0rB9DBDqcAZzJRL5eGcfhQ5V6ArIzxeuY8QnJ8vFHtqYeyY6ef2rbxLgmQpWFUtjhTkt&sessionId=
线上平台运营专员,4-6K,/job_detail/a87022b8b32e49501H1_2Nm5EVNQ.html?lid=7JOXx38AtZ7.search.229&securityId=usEwcZxVIDyw6-L1wITm0DoQmvBypEaELc3LdN2B-e8EvnD36E5Ujkbw239r1KksYHoD0HrwinCrouVyPLGoWmfuR3hNHDgUol4OHYVMkskGy4h7ekk~&sessionId=
互联网开发,3-6K,/job_detail/cc9e4f587a19eecc1XFy2Nm-GFs~.html?lid=7JOXx38AtZ7.search.230&securityId=0Uh5ay1D8S56F-B1JqOkSlDKPdNgZdWcTQQyWBZF2UVIj_4m6NNBdloe-mYjkGXCDa1gPG07qw9wZ-1O-WCf4MfWPzvTbVaR5sA6tpLZ3kRAkZ3_&sessionId=
物业项目总监（丹田）,15-25K,/job_detail/3f8ae87f5e12466d1H1609q-FFVS.html?lid=7JOXx38AtZ7.search.231&securityId=wpiwomOS7KjIh-01jRJPkPEeemiHCxY7DKK9n4bc8eVKetjAlNWF93aNQ1SegezhID2a10dPIoxZvW5aBQTVXlB6ZrsCQuzbilyQoUP1aV7knlTBYSfcm1ktxHNvpy4RLibS7O155RX6Jf-pR6CZRIk~&sessionId=
网络工程师,3-6K,/job_detail/ce2aa4140f9c25741HZ93t28EldV.html?lid=7JOXx38AtZ7.search.232&securityId=qC4HfLEERuYmM-S1zkI_PFQsFaUPCtMK9CKXXgTbRdd70GubYMzhHAPjftnoV4DydSbM-us8lVQI77S294yOzTrG6JFQkbRtiiZgoLGfu4nPn4jBV6U~&sessionId=
营销策划专员,4-6K,/job_detail/83304d8395b23c631Hd42N66FFJY.html?lid=7JOXx38AtZ7.search.233&securityId=3OL36dhCSoZSm-_1BDmWO86HUEpBBiZIzJNupbeTUYb1oxOFXw7Uf723DGgKkEWU3b-mKPtubXAHgnpiW-NWaXfiQ9dha3O9UjUmJ_a_Q7ptBpSz&sessionId=
网络维护专员,3-4K,/job_detail/f6b28beda18ed1981nV-2N--E1pW.html?lid=7JOXx38AtZ7.search.234&securityId=tA-xM15BRXA7F-y1FhxXo2juhnfIk-ppl2-nK6SybS6-OERuE-i8FsZABOWueVl-zrHbjJgjtilug-w4pg6FcqhWD161CB3pHEtqoadYhBPOshsxPi4~&sessionId=
光伏技术助理工程师,4-5K,/job_detail/4f9beff5500acfc41X183tm9EVBQ.html?lid=7JOXx38AtZ7.search.235&securityId=HNxmRUhHCm9xY-21c9HkBD-i2IU70SNyUc6IKdz9gemqYauPIaSN29fsA522N0pMSskLqTsSHTG7T3rJ5NX8H0ECckUMU4QDdZWHzLZbRor81XT1rn0~&sessionId=
Java开发工程师,7-12K,/job_detail/f90f2e09c5d7f3bc1XR_3t6_FVJX.html?lid=7JOXx38AtZ7.search.236&securityId=bIpMokcAW0ABL-k1o0R9HC2-dGqL_CEf1BlgW5PjnlC_L3O-LvJUg_KebIN6KizyUJodSi-l2QTr8im1SAP17X8fVsKaAcDrTBFRS9XJ0k4KgIF3IKnY&sessionId=
Java开发工程师,15-25K·14薪,/job_detail/e6b7a171f8d5f5241HF829S5E1tX.html?lid=7JOXx38AtZ7.search.237&securityId=OGjmHEbqSyQKQ-_1SJI8prAJXFJsoj857ADrS_RZ5FSHiS9W1xGIRWh_cmiyHPw-jjjN0lXvHRHNJkhN0hiRj8_dZZv-Qlj8fT_VL-eQmjUFp6idpRw~&sessionId=
软件测试工程师,5-7K,/job_detail/be8306f1b2f70ae51nB-2928GFtX.html?lid=7JOXx38AtZ7.search.238&securityId=zUosFHRBuN3CK--1IQVDacF6yIW-xCefV_9QwOts6yjKgjJwjbD5PcSlukJKtDrA9jEtFhpM_HVUXUx13Rntt6NIsZWRV4VAgnKIpT9WZsMq9awKsndJ&sessionId=
平面设计,5-10K,/job_detail/f689924a07c628ff1XB_2tm6FldZ.html?lid=7JOXx38AtZ7.search.239&securityId=qlLpni3ypsRIi-p1T9jrhv2E7WfUM8yAXbafbiTFMacK_PhXtu8H2U82ZZWEFanubrho8KEd7gy5sePj_xQshIOCargHYOWOwkR7ws3-N3zpffIjaIp_&sessionId=
威靠科技招聘货运司机,3-5K·13薪,/job_detail/f5f39e28d310925d1nF_29y9FlBT.html?lid=7JOXx38AtZ7.search.240&securityId=FOMi3Zvp1vLX5-h1qh-1kJkQmAEJlUrh7PkrzuJ9w8Kw-K-n5bghR9417p6FDOXZ2dKWKRngCU4SIsyQpJT98Vh_Q1SrAiIhLMxxpaCbfmcZqeur_fCG&sessionId=
电力工程资料员、材料员、安全员、财务,3-6K,/job_detail/cf7b60ca67eca2e61Hx-2di8F1ZU.html?lid=7JOXx38AtZ7.search.241&securityId=OQjyS5Heu2cDv-W1RUx3nE2meyqpKJnvUKcL76uu-gIH4mDM_2JZ5fpQEc6PIZp8Z_RM5Q4QnHmf_dT3nPatAse7k97n28DRx23UXSa9yYuyU3tt6-1m&sessionId=
售后运营/朝九晚六,8-12K,/job_detail/46c351e6a9b24aa31HR909u-FlpY.html?lid=7JOXx38AtZ7.search.242&securityId=VwciQG4lfKFFU-G1sX7FB6snYKPOerj8Fc55D3wahp3sLwpuytAt6vJyMknG07vFU9kyOegH11t3FrgqwsL08shrRzdUZdX0weYaMBKbH1dLG2f0xook&sessionId=
Java,5-10K,/job_detail/aa3e9a735fda74881nxz29m8FFtR.html?lid=7JOXx38AtZ7.search.243&securityId=QuLb2HmK7AdFP-11MEaNgBOBmcRadRw8NJy3Bj4dzbNCuZqRA5_oFhyadxYxql1X6fwDgpYHIMb5nA7gsgQB6bD5FJvtbhjydDoKdH2MjhLmQmZD6A~~&sessionId=
网站维护工程师,5-6K,/job_detail/523493328e4818d31XB729y7ElBT.html?lid=7JOXx38AtZ7.search.244&securityId=p4h7mOB6w4Dfr-l1QWSuoYM_WM5F01NwkQb9PDV0tIwLLQ74B2s-jtNuKQfcD1k6-t2T61sOy0rbtVIwT8J_Gj9txJg1boXYvxjPG8u0imw2_eaL&sessionId=
招聘专业,4-8K,/job_detail/2eb204aa240e63d21nF_39q_FFVQ.html?lid=7JOXx38AtZ7.search.245&securityId=f1zBuPdukcT5C-U1_JHCN48NtDfCRrU9ROi9cGrcz__YcZ6EcNYQVu6K4tVd2n7p_4de6gjZmZXyHP4ltivZCi6CQNZotHrKvDwYm68Sq8CEXiJWvH4MYQl0BdftgsbC6yXuV51WuSkSZUMAhfmOmQ~~&sessionId=
工业区销售-就近上班-15薪正编+双休+五险,11-20K·15薪,/job_detail/9ba18c867a3d430303V-2d-9GVRY.html?lid=7JOXx38AtZ7.search.246&securityId=7vPd445w8fOBl-D1ogvTqYV1fKLFr4q3p7tEY49de1dfkWCPmHWGfnQUzRP3lZ6LJ9MkmmK5vPDkLpThr6oL6dnq9-5HtPliB-d2hafAqYISaLvlQ-JEFQqVTpVhcNKzNRnpxBzsVTlTC0utmNk3beU~&sessionId=
Java开发工程师(海口),7-10K,/job_detail/153f722e53ad7a641XR72dW6FFBT.html?lid=7JOXx38AtZ7.search.247&securityId=GuLFj7_yqqkX9-f1flGbjaHkiqotKh4UBeUbRKqtNqPnJ6VgsMnkVM9x5iLoiQJgYE56NR-BkD5DW7Cns32MmG5UTKd7oTBc96ySeXCddggNeLiIxA~~&sessionId=
环境监测工程师,3000-3500元/月,/job_detail/14516da51802078003R83Nu_FVBZ.html?lid=7JOXx38AtZ7.search.248&securityId=gFnIpMwan6u9B-r1cQEdxDmyjXVs3Zf7Yjkqd-CMJA3xzn4lO3plUhSGn0uGaSwqivxDzJZasZNfn9r7UONRB59AWU3TDADSVXE6bAozuAoDCFGe9g~~&sessionId=
选址开发,10-15K,/job_detail/edbd22647c2e97fd03R729q8E1tT.html?lid=7JOXx38AtZ7.search.249&securityId=gTkaa4r1r3vU3-q115IXIp8y0H9GeuEuNVXXUtOjHBmnoOcMix626Qazd96WaSOvyZxWZo7UV_JxdkQjg9iD0I8avvyxOaMnNwRpydv3vUFrit_GhW0~&sessionId=
推广农艺师,5-10K,/job_detail/dc75141453cd4bc31X1z2ti8ElFY.html?lid=7JOXx38AtZ7.search.250&securityId=bNQBqtfBLubE8-W1Q9HUGkNPOKctF045u0_VrrZe9beQmXP6HKo1JS8VffxkqCwHhwTBmfJRDdpW52nTqlpnk6Xys53gNPCXbVLKU2OHu1c3SDa3enav&sessionId=
Oracle DBA,15-25K,/job_detail/7af82a86056f8bd41XFy292_EVBR.html?lid=7JOXx38AtZ7.search.251&securityId=5Y_SfBZt7z1nk-P1DvDSbNxFCMLg-xuKV1SofeHN8t1s5DpCDIC7WjOqhpiepiszTBRT0DxX811_B35lbW-4X69HXDH9fagzPgfPSEC9bp4aa3cJI8Y~&sessionId=
美术馆管理员,3-4K,/job_detail/1115b00363636fe91HN729q0FFZW.html?lid=7JOXx38AtZ7.search.252&securityId=U8HFvWLPtpPuz-w10iODHgSSRXwmWOEJVV7YMvhuF82XRIP-qI1XuvgFW9m81TMhpQCtIYCjX6qrZruPC7DOyEnKnsWR9jacd_BptA5_U7BbJpuCzDOk&sessionId=
施工技术员,3-4K,/job_detail/e1ab1a1016207d401n1z09S7F1RR.html?lid=7JOXx38AtZ7.search.253&securityId=9Br7ZWPXG7-fx-D1g0KobeHZ5ir1GE2G9yjQYvIWcDr_6ouZXnf1nGUCqP97qFRO9oRN7F7zzDRYICjiejMdGS5P38f69urBgHtwg_fGcmyvubVf2Bs~&sessionId=
设备管理部经理,10-15K,/job_detail/a8863dcb1db9eea003V809q9FVRX.html?lid=7JOXx38AtZ7.search.254&securityId=6FGZytEH60CSO-Y1J3IKDNdzgW7oNzU0szaxDeVFvDADky5fWm6-fLynlq37FwMkhIOMopnvhpR1JZMl_h5IyvhuceBcYt6IDmWhAMLuYrEhAI7_b9pTtp0I8QOQoUbliCz3BpFn64emPwFP0IxxI3n_&sessionId=
售前经理,8-13K,/job_detail/56c9e139280e56901Hdy2ty_FFFU.html?lid=7JOXx38AtZ7.search.255&securityId=PqhQsQamuapCp-31JpTcdmubm5MAzIkkQtjOwl8C6K5fOWyGTLvhEPPNKLJS9bGywHuxHuLOzPrYtgLpG2ecghbCfdgoPUzfOCSDQwvqHLI2l8zs7V4c&sessionId=
海南得谷惠汽车检...招聘机修工,3-4K,/job_detail/7e13b9f0803cb95f1HF_39-5FFNT.html?lid=7JOXx38AtZ7.search.256&securityId=rsLmiLUJa6Zab-41e81cduqBJmLB3pbrJqi2IiVHwFLI8ZQ3QINi2jIJvihw119kWpnHzrHcY7xFE5KX9Jk7_LKlryQKvpRSicXpfPnko706VFD--026&sessionId=
医学分析师/数据分析师,5-7K,/job_detail/fa7decd18822d3971HJ539W9FFtT.html?lid=7JOXx38AtZ7.search.257&securityId=-gdDtq7tybdT3-712EQ57LE5as_aVDN8yyZ4mQUbtrFsOb9AEbB9XmesUwQBCpnzhPrtdKiq9x0Kmqb5jn9TBlTaxH8ul6roQrri2jLo5y3djrSjXH3M&sessionId=
文案/设计/美工,5-6K,/job_detail/d2d13cbef5111b2b0Xx409S-EFc~.html?lid=7JOXx38AtZ7.search.258&securityId=_xSU0YngJ9OPk-L1RQfTZ4gawx2Vkrr1SjJ7BB3q0vqYwOsnymTOkC7EfjJMYKxrhrSebrMKG3dINHQefbFSZMBmRSpg0SaTHNrrSHqd2hySUjLq&sessionId=
Java,4-5K,/job_detail/d799adb53f8d61441n183d-7GFJV.html?lid=7JOXx38AtZ7.search.259&securityId=DCbLYeuGZdoGM-d1DzlYie2MaLty0vV-7wSifbNtBG2wSZ5a7s9MwTec1YJvRX9jSG_R6Th2faPmpF_lGi9-HdcIkJ-lBrQ91OggXdvwYbz0zMMurHcG&sessionId=
Java,10-14K,/job_detail/797c2de3050f20981HN_3t6_EltW.html?lid=7JOXx38AtZ7.search.260&securityId=9Zhx8zCC0Ksoc-b1_Gd9sfmv0ItbKDnNOab-u60-ucyu0FAuOCA93RjL_hf7YI32q23bXJ-Qe72cl25Muz4eC06cEx0d7IeeYOoHMYuM_uTTg3Oakkzh&sessionId=
小程序运营（有赞）,5-10K,/job_detail/0610c2d42ccaedc303R-3Ni8E1tR.html?lid=7JOXx38AtZ7.search.261&securityId=eHUy5YZGpKC1h-w1F2tjMA1wR4qf1ErVhajthpZl2A-ewbp5SGqWPA7TG77p3lA__aQT4y0foDWaGZDxVaaeIPGfgJ9x4KjYu0MXfAHjhoIsFtQ1HC2e&sessionId=
环保技术员、机修员,4-5K,/job_detail/33f79d8cf22dbfed1HZ63925FFBU.html?lid=7JOXx38AtZ7.search.262&securityId=QR5N55OdRCl14-A1LOwhP6ouKVi_R4qqAiz3y_TY_puTuzyda2gv3UCxRPm1te34hMvQLBSihPPjh4QlqEqBFiAwYbTWJDpBnAr2J4X-k17YDsTXIoAw&sessionId=
电单车运营经理,8-11K·13薪,/job_detail/85f3ef5a577dd71b1HJ52di1EFRV.html?lid=7JOXx38AtZ7.search.263&securityId=iGnW8itcQQvg7-t1lIugC_EnXmubU1gt8krIsKENmG0hansvlLexPmtpeUT6EAVlG_BK_i6gLf4hx1xia6xsiHq0wTyhVWnMGTB5DIJo0m3dtZZc8Pw~&sessionId=
Java开发工程师,9-14K,/job_detail/4b799b94b9ac77061nBy29-4ElRY.html?lid=7JOXx38AtZ7.search.264&securityId=Z4kx4hkCu68KX-21dZj90gy4X7OfC2ZTpRr4-poHKNxbuaeJ6eUCdkTm0gZkw0NWtoQV3XzbSX_G0GjsZTG-KRpNVZYVfP3KGyenLKWx551dPrhxhwY~&sessionId=
Java工程师,3-5K,/job_detail/235a961a572786c933B439W1GVc~.html?lid=7JOXx38AtZ7.search.265&securityId=T15GVp-e976tB-51bic81rZquAaFd6Ea7bDGy--34r2EoeMT3Lpg9igsPgDCzIw5_SGlr4YvqU0hr-b2v8TjFC4FtIsRNysrYfof0A7vxomjUdyj&sessionId=
商务文员,4-6K,/job_detail/79ad005f95a4aa361nB92tW0E1ZV.html?lid=7JOXx38AtZ7.search.266&securityId=pXqBQ3o4t9Mzs-y1uJjoQ9CSoPFQSX2PzGc6YNDs60_a0QzkxDg7jkXht3q6Wm9TkyTKpZD-A-OXEDf7RT7oxshyR0u9jqa5TrdwPcHg1Ub-CHB8ydtC&sessionId=
数据库工程师/实施工程师（信息化系统）,6-10K·14薪,/job_detail/399726885dba08da1XN_2dy7FFFW.html?lid=7JOXx38AtZ7.search.267&securityId=WiQJsNYACBp40-b1uay0qwtE_7pQvxqr17x7CY-7EU2-AXec79IyDggueZhTRMHW1oNrAp90BRbxH9PhXlm3cVgLHc3LfC-Rvt_sMiAf7DNum3fmPGg0&sessionId=
机器人技术支持,4-6K,/job_detail/806f4caf0a5eca2d1nZ-09--FFZU.html?lid=7JOXx38AtZ7.search.268&securityId=E4Ku5FFqeU3Mm-511uymc7e9yRSKcTBmfVN8yKHcsLJ8ERkOSA8as0RRM7inFkH9mCcocshbyAE7E4YLo4EgENIgW_MZUvsMjA1heDBPrittakjK9YAv&sessionId=
PHP开发工程师,8-9K,/job_detail/127fd0907a2669c61nJ809y7EFRW.html?lid=7JOXx38AtZ7.search.269&securityId=lN48s8MbkAXRM-v1anb5Z7PQnI4r_Qi9YSPT5y1-yhwAqsg1AHuRDSe7k0xKnHp19MG7mjqJbRWGokLTv7hFG7bHDD6b3fjtDdmha-TsEvi876iJuQ7l&sessionId=
项目主管,4-6K,/job_detail/e8db97037f296a311HN53Nu4FFRR.html?lid=7JOXx38AtZ7.search.270&securityId=wYvrRIh41Ifi5--1dOAXgYaOyZbQl_eZmBXk0ElQ-XaXBoa4mBYonFH7U7VBRVheCQ7fH3dH3-Li4FHPd9mD1iDbXyFGGNPMIaOZu3FfffgSAo185WMs&sessionId=
市场总监,8-10K·13薪,/job_detail/175101a40087f32c1HJ43921FldY.html?lid=7JOXx38AtZ7.search.271&securityId=PAA7VqCTGpk0O-h1u0uF3LgZBLfwltC3OlxCIcXCOXRBzVKUlLC5cbpr70GAH-h-Fo9GXLB9gc95Jn11yAi8B8HYfIwTJ6vh3jpVs2dgLX0YEGSGleA9&sessionId=
私域运营,4-6K,/job_detail/2f8c1fac3c9174831XF60t2_FVZU.html?lid=7JOXx38AtZ7.search.272&securityId=GAFE1TwA0Fqq9-m1zl666_PSBudfM0jTWYFlEf0vdmwVMLRkFKL8Aj6FMDLavq1m_KJkyjNVVSYZLV3kZFN4aOqzfXuxM5o6TaxpysiAFFVE4Hf0G7s~&sessionId=
城市运营经理,5-9K,/job_detail/2160cf0245f305591XFy39W4GFNZ.html?lid=7JOXx38AtZ7.search.273&securityId=zQsihvDDYdvQV-u1r_-6E6w1cGn6ENI2qgcNLUeQdL6uFKrF4agbcG4W2fBQkbU77X3rqV7xIsAswrEpWj3mHp9hN8PzBLoZk0nobl4upYVKc5AzvpI~&sessionId=
社群运营专员,5-7K,/job_detail/ead8b8c8045eb01c1H1y096-GFdW.html?lid=7JOXx38AtZ7.search.274&securityId=C4cTOkURjefmY-C1yqw8rbHtBP6e1Z3QM7Qd8xeFgo3yzRtx_hCdtBqDq6IdiNart9Eis4GEaDd-rC-9ntaxI9pJkKuzVZtynhNoo17LSQV1G1lYgEk~&sessionId=
售后工程师,4-7K,/job_detail/2eb6d8d2e77582c11Hxz39W-EFNV.html?lid=7JOXx38AtZ7.search.275&securityId=yL_adzFuWfBue-j1bznz2XZtD1RVtFbLcZkJM2vDtVnSZBYpE1TR4U3Uux2BNvi7MQCbNtougf0EZ2uIuOMZq17bC-30J-v8tD6Z9mL1wTx4t1PrNHWbq92rs5MAcf47SnSPFGH32FKfe1rfqbeWkoI~&sessionId=
运营助理/专员,3-4K,/job_detail/cb1196df5221839f1HJ609-4EVE~.html?lid=7JOXx38AtZ7.search.276&securityId=CMi8VrDAYPulB-t1sM0Dtx75HG5LNvPoJgGlE20R8OQJWHswDkecpjcTlPZCgdSvcyZkcpXMfGas-Rt0o6Ld0ybHRiZUHRa8exYTQ3GjjysqQwTh&sessionId=
社群运营主管,4-6K,/job_detail/32309cf435abcc9703V52du_GFRR.html?lid=7JOXx38AtZ7.search.277&securityId=brQQtmWq2pJC9-W1EEAdpk3J7unDdeIXKF1OWVMGrnmk7IGB5K7rnxnk5t-yEcITlcEJQCJJHWmSU5XVRBZA853TRbL0CmTuxKUCDZQzY6E0GBdPClU~&sessionId=
私域运营（有赞小程序）,5-10K,/job_detail/66ccd9a6206d7d8f1HN43tW_F1FU.html?lid=7JOXx38AtZ7.search.278&securityId=STHWctwYbE33R-g1EjXtfVMBiPUCCP6uft0jDDJqDOm8oNj-QvR07wrkTxN_YK8ihqRp9d9cCiKAaOeUYFGlWrCGmt7uQScz3i8T4LLMoKCNGNVU8mAe&sessionId=
远航汽车商超店店长,15-18K,/job_detail/f16d1e1fafc40a731HF63Nu_GFVV.html?lid=7JOXx38AtZ7.search.279&securityId=fUpla2fGnC_AA-x1VyOI3AS6lHactN1gkdg16LF6Sbnt1KeM4up1k503cqvEE90GRj_ASIbZQEiKumZnSkDcaDkeUZf6FOt2BtMaHwwvmTh0e-wkAX9r&sessionId=
系统运维（海航）,9-11K,/job_detail/890dcb6c40a4779903V-09y5ElNT.html?lid=7JOXx38AtZ7.search.280&securityId=FLbWEsqu8LqnG-C1LqWe7Z9WHCf9nvv595paj2WeAkFFHDOWdYTfch0Dr2qWS_MkLQ_Vv6XX5bld5oXk748_wyGm4nHJgNfool6n36jdtCa1kl_vRi9H7LaFm6ZCJ7Hh3O6xWFDhzn1sPql536TV85o~&sessionId=
运维工程师（需要值夜班）,4-5K,/job_detail/ede2c974dc01f6261Hx-2NS8FlJR.html?lid=7JOXx38AtZ7.search.281&securityId=rX5W7a6s14dbS-d1c4y3YVfQ1b9htTUTOuSq4RKNMDXfhqDr8YQGxlOzQwnKqp3SLEjOQ8ZEtZGT7yfJnTgXrAYVId5fmV31QnqgL8ETAo4sfIAN3LOW0aZ4-jPp7Tqjgr_hqSpMWISzAbUUmDvS-Lc~&sessionId=
网络安全（海南）,6-10K,/job_detail/5885b0bffacd569403V809u_EFpY.html?lid=7JOXx38AtZ7.search.282&securityId=9h0VsuHb39ERo-a1EkhMCO5itHoGKjctStXDEP2b0eKTzEHflVV6LzS_CL3DF3Rrozjs00z5-3aBo6IeaCSn4RhS-XTQptiOupU9hJpQCdbeuVdCoxw7HesJlkLDFwF1IRYcMusXLgY3EOLBWLFcXQ~~&sessionId=
硬件运维工程师,7-10K,/job_detail/653a9a32f5d8078403V82dW8E1NZ.html?lid=7JOXx38AtZ7.search.283&securityId=03EtvaDebrWkW-91U3jc_TYsCuciCs_fFlqCVCJNk0dAN6JnGw3tu4N3jHlmmoh76AyORAjm6bSLoySOA5lvfpb2QYd5y8OuBFcBjLHmvryqjVQPq50x8n0pOb8ireXxIEklCFe981Lz0M-2giXDAg~~&sessionId=
运维工程师,5-10K·13薪,/job_detail/921104c1e560a7341XV70ty-ElJS.html?lid=7JOXx38AtZ7.search.284&securityId=kEiRsKmGdZagB-p1XU-PwZSLy902By85Zz_pLdOOy0r0x6WWku7Jy9dFQXddvJoYp3Z3JbFA-FSh4dmg4WToTgHeX-tJY_IHaALQC3FTMFtAdWCrW1XNUer-yEL-UriUzbJ6wgMmp4aRq3M93zYBwg~~&sessionId=
运维工程师,5-8K,/job_detail/6c6820dea96e2ee81XJ73dW-EFtT.html?lid=7JOXx38AtZ7.search.285&securityId=o5JFITExgh-Xx-k1e_Cpsq3EaOhmPSta7zPt2xXusJvqfYJWIL3NE0vi6HL9qjCHxJc5pjgpvnJvigWAA-9n-eelDmxqiPEbMQFUL9yAYNm1D7et05PWYeBVGdAKz32uhYHj0MiqfGWkarowm71vEUOT&sessionId=
计算机系统运维工程师,5-7K,/job_detail/b32b4105280892081X1_0t64GVJQ.html?lid=7JOXx38AtZ7.search.286&securityId=crtXDDmO8TYHR-f1k-4tG14qcQ7rSO_mZC7hijNxxvQh1l6FXeFf_nyeDwQPNpAQ4ayCvl1YyBPGLrQHTTKDHKBpRDgqh9ccER5TcfBdyoKy7EfS2Ks~&sessionId=
运维管理人员    6000-10000,6-10K,/job_detail/a27c3c45e45c98de03V-09q7ElNW.html?lid=7JOXx38AtZ7.search.287&securityId=Em4k5bWOTzerU-I1IKlWtfZRXJqru-rVwGiYDPEjI9usxp9_w9YXC0FxTF7PlPg5YlgDcBYqnfTTzdEZ7TsI9q62yR9m0HlLQYi_vKJUqQbRXbAIprY~&sessionId=
软件测试（14薪 全额社保 大厂）,8-13K·14薪,/job_detail/1b8f0fda5aae6ab81Hdz0tW4GFNY.html?lid=7JOXx38AtZ7.search.288&securityId=mpYQhNQOB3M5v-J1pVf7R46ncw7oUTlpn5wwj0kBuWRc8gF1pCsX2MdDItpwXcVSsnxfF2DJ7txYEXvMYnotPW5iK-0Q23ZUs7VLx-nzeZ293f2Jv6r6&sessionId=
前端开发工程师,9-12K,/job_detail/8ce974059d95a33a03V83Ny1GFNS.html?lid=7JOXx38AtZ7.search.289&securityId=OYtLkjUNrhGxf-H1FmtBZFHiTQE_4jwMGhW6ZBiJ8AoJwE80REzbk5qlrnOdWgtNbifra-8WDzCmcvLT4iAYZJlrdy2SX00SwmR6Sa-QBfLf4ZzosZNFqVEHFYIvadUHDMf4Ft-pg809XlBct5nq&sessionId=
it桌面运维工程师,4-9K·16薪,/job_detail/a4156f3570c78df61Hx53N24FVBR.html?lid=7JOXx38AtZ7.search.290&securityId=jvzExUQ6BYNdY-s1Q5c0AUL1aH8FYY8aN3boKaQxG6IrhSaTVv5uqJkqGBeVq2z3NhQQuSpQXdzXyM7ddkv18zXCeqxjzMQbyohz-BYEsnr9dkQea0hB&sessionId=
软件运维工程师,4-5K,/job_detail/5e4b77a66698d17a1XBy3t-1FVZY.html?lid=7JOXx38AtZ7.search.291&securityId=EIcpTtdvbzXBb-i1XCrgStybz-5qCLNo7SqWwNp5elyojulgDk8z-Q1fopLLbhmUjaK0KPmvn9XWPKZYmU5ZCLuOYlbshdzyNpT2TeRHCdapUb0vU20TucXKTHTSrJS93_IIQIFqWcBlBJtSfP7juA~~&sessionId=
项目运维专员,5-6K,/job_detail/860cc768fe04841f1HZz29q-E1FU.html?lid=7JOXx38AtZ7.search.292&securityId=dNAgHo-N8cV58-a1LqwONhW7CypJkwjY5naMoiC3YI3B6NuoJOu2OqkDPHf-XEiuHDIZlkWRnRkmzZZoKMaiEuB2AgVbHzQDKqz7P3gS_8BCiU2JsvKc&sessionId=
智能化运维工程师,6-11K,/job_detail/f69ee3809c276d681XZ93NW9GFRR.html?lid=7JOXx38AtZ7.search.293&securityId=r6CJf47uf0s1I-_1Y60mKvwMzg48jbwzGpqOZt8OAwqO3YU1K9858nMmg_trhRiI-LRnv0idgPKy0C4hDueN14iPm7cTnDWOXqA-ISjPs36rs_eR2nU~&sessionId=
运维工程师,4-5K,/job_detail/88953fe75f899c2d1HN53tS4GVZS.html?lid=7JOXx38AtZ7.search.294&securityId=GLRw2cTV9h7wg-01yykipO-BhtBLosUZ56p3J8nZgbPm-sKL-3nPm6cfav1TbSmyWRTLQFP5yjuAbdfGfcvdqEID9OdwKaeVGZ1JEmfePz61r_btijq8-ayalBoT-FsxKmxO5a5pJE7OIrcXqOup&sessionId=
软件测试(熟悉小红tiktok或者抖音),6-10K,/job_detail/6cb8cb509068c1a203V90ti0ElpY.html?lid=7JOXx38AtZ7.search.295&securityId=PpDmPb_sJREtl-e1rJEoojguUs9Oruoc6xhsqnDCa0UoUFDcEedhGoxnf5z2rVQWm8YDul7-uDTntFoWdwlpVNkM94FST_VItw-PJdL-5KmsFAM58Fh-&sessionId=
服务器虚拟化工程师： 2人,7-9K,/job_detail/ef16f71be3347f4103R63du_FVVQ.html?lid=7JOXx38AtZ7.search.296&securityId=9Qc0i44qmgi6T-c1r3V7ru-6enA2Oe0CZHaS8iFI17N5dFg2UiOUNrW3iyUPXhNCG1HSGAiyOvzIN34zanI5OS8_fDSQkin0TPcZtwlId-1-nHamTYI~&sessionId=
测试工程师,11-16K,/job_detail/93b1446ce58eaf031Hx6092-FFpQ.html?lid=7JOXx38AtZ7.search.297&securityId=1YBWz0m93VMVD-51qDbg5OhhlPy_wdHB9lbGf6lveJQCUlny2Ih-p1d5UrKiolDrZxdgIvbVuX36kqrxRQ1_CgXoG0hZo7b6rBjkaCFkUyek3KQco20JdSx84RlW0nCbMThFOho95AqeBDnhjsOk&sessionId=
网络安全,6-9K,/job_detail/17adb232983a8ec11HNy09W4EVFS.html?lid=7JOXx38AtZ7.search.298&securityId=QarxMQXp5pPvV-X1CzOvNOi47pPHVYZxmeeOLzaAmTa6ByeJNuJ9W10noyhGSF-fXwxEl1EQ6Dp2X5XRHgxre4VHXwO5oGtK2z6RX5vRwEcI8lBtZcSb-8Zn1hQW_4_CPI7qJ6VLDa5pxYvRYO_y&sessionId=
运维工程师（网络）,4-6K·13薪,/job_detail/6328655b2a7b6ac71XFz3d-9EVZU.html?lid=7JOXx38AtZ7.search.299&securityId=5dg7gqA8JOZEO-H1JVgD3UVxjn_uGO1b4TX9pMQKiuXvb4KOmegCxjkMXTNtbCCkTN3Ffw0UeHu3hP0XV-XJFmpDdrVwhSbpGUjOaEz3kAFW9T5Sel9x&sessionId=
游戏服务器开发,9-12K,/job_detail/846e6cb3bdc5a0ab03R-2Ny5EVBV.html?lid=7JOXx38AtZ7.search.300&securityId=1k8WvqtgoSI7L-S1RgFyGrqznB5_wVv7uLODjARc0XhF2qSniHxQvimpKBA7SCx17wjFg6qq4CTc29tJl4x0y3amRRJsryB8CCTCEKS7Rym-xv0RYBz43i9yS1p37atKmwIVNQgRzHXaadyq64FRqA~~&sessionId=
